run_id,timestamp,generation,duration_sec,training_mode,speed_multiplier,collectors_total,collectors_real,collectors_injected,collectors_alive,hunters_total,hunters_alive,batteries_collected,batteries_collected_real,kills,best_collector_fitness,avg_collector_fitness,best_hunter_fitness,avg_hunter_fitness,avg_fit_battery,avg_fit_proximity,avg_fit_survival,avg_fit_hunter_penalty,avg_fit_escape,avg_fit_approach,avg_fit_death,avg_fit_idle,collector_sees_hunter_frames,collector_danger_frames,collector_escape_events,collector_approach_events,collector_neutral_events,escape_ratio,approach_ratio,avg_nearest_hunter_dist
20260510_155730,2026-05-10 15:57:38,0,7.7581,1,500,50,50,0,3,10,10,153,153,29,2911.544365,-5412.127936,1873.252482,1473.462006,306.000000,49.471781,543.145619,-6.403531,192.085619,-409.757805,-5800.000000,-94.584000,2402,13405,6135,7126,0,0.462635,0.537365,138.098803
20260510_155730,2026-05-10 15:57:42,1,3.6403,1,500,51,50,1,2,10,10,134,132,18,3206.520688,-3158.852427,2089.515366,1494.631947,264.000000,54.243428,562.119341,-4.891758,165.089341,-334.911437,-3600.000000,-99.412000,3121,11241,4958,6147,0,0.446466,0.553534,139.510520
20260510_155730,2026-05-10 15:57:46,2,4.1892,1,500,52,50,2,1,10,10,211,204,22,2335.613323,-3661.886461,1863.147376,1496.141983,408.000000,62.450491,677.336775,-6.021999,237.646775,-496.315728,-4200.000000,-107.336000,3754,15072,7278,7579,0,0.489870,0.510130,141.377377
20260510_155730,2026-05-10 15:57:50,3,3.7659,1,500,53,50,3,1,10,10,195,194,26,2907.598744,-4295.947404,2857.570797,1547.801458,388.000000,55.007780,556.208224,-3.899049,169.078224,-404.976358,-4800.000000,-86.288000,2296,10150,4325,5674,0,0.432543,0.567457,148.891581
20260510_155730,2026-05-10 15:57:53,4,3.1563,1,500,54,50,4,0,10,10,92,87,27,1880.146460,-4591.540894,2855.263039,1687.076505,174.000000,40.268143,461.296199,-4.194991,150.066199,-390.310245,-4800.000000,-72.600000,1684,9834,4159,5553,0,0.428233,0.571767,140.602274
20260510_155730,2026-05-10 15:57:57,5,3.5881,1,500,55,50,5,0,10,10,126,117,30,817.394358,-5353.501775,3237.310923,1710.203801,234.000000,45.603489,485.901420,-5.028327,170.121420,-415.298357,-5600.000000,-98.680000,2844,12648,5640,6858,0,0.451272,0.548728,141.592289
20260510_155730,2026-05-10 15:58:00,6,3.7534,1,500,55,50,5,1,10,10,122,116,29,2989.802646,-4526.598952,2668.530179,1760.628027,232.000000,47.340882,648.598681,-5.601956,289.298681,-559.240559,-4800.000000,-89.696000,3855,13170,5982,6971,0,0.461824,0.538176,137.639189
20260510_155730,2026-05-10 15:58:04,7,3.7780,1,500,55,50,5,1,10,10,157,141,29,3111.433302,-4831.744007,2460.567219,1795.414231,282.000000,49.829951,574.742962,-4.831523,219.232962,-455.661397,-5200.000000,-77.824000,3138,10420,4744,5515,0,0.462423,0.537577,131.266169
20260510_155730,2026-05-10 15:58:08,8,3.4242,1,500,55,50,5,1,10,10,136,125,28,3529.715679,-4484.622364,2476.900202,1790.018970,250.000000,45.319778,515.887926,-4.655896,198.397926,-425.122172,-4800.000000,-66.052000,2672,10601,4701,5750,0,0.449813,0.550187,131.946772
20260510_155730,2026-05-10 15:58:11,9,3.5760,1,500,55,50,5,0,10,10,167,123,34,2058.356907,-5996.202237,3061.006897,1926.165207,246.000000,43.540432,581.020809,-5.708300,264.320809,-586.615177,-6200.000000,-74.440000,3062,13128,5646,7251,0,0.437776,0.562224,135.918123
20260510_155730,2026-05-10 15:58:15,10,3.1783,1,500,55,50,5,0,10,10,105,89,29,2154.695094,-4790.972064,2659.534190,1836.817100,178.000000,39.763715,445.558581,-4.312457,174.038581,-390.637903,-5000.000000,-59.344000,2597,9720,4409,5163,0,0.460614,0.539386,132.647664
20260510_155730,2026-05-10 15:58:18,11,3.2563,1,500,55,50,5,0,10,10,148,131,33,2211.066889,-5315.952028,2886.928153,1872.704031,262.000000,46.241430,522.881958,-4.992259,206.581958,-468.811156,-5600.000000,-73.272000,2581,10014,4383,5476,0,0.444568,0.555432,129.007097
20260510_155730,2026-05-10 15:58:21,12,3.4327,1,500,55,50,5,1,10,10,181,165,35,2419.491030,-5813.248867,3280.584048,1954.149620,330.000000,48.757578,498.830874,-3.673716,152.070874,-407.571602,-6200.000000,-79.592000,2405,8335,3459,4720,0,0.422912,0.577088,132.142555
20260510_155730,2026-05-10 15:58:25,13,3.1797,1,500,55,50,5,0,10,10,123,109,35,862.417331,-5957.258695,2266.305902,1955.880126,218.000000,38.700117,455.393192,-3.843402,186.003192,-399.044602,-6200.000000,-66.464000,2259,8215,3690,4378,0,0.457362,0.542638,133.956110
20260510_155730,2026-05-10 15:58:28,14,3.3391,1,500,55,50,5,0,10,10,123,113,33,1577.919443,-5759.686621,2867.504993,1905.778657,226.000000,40.334274,452.859690,-4.273317,161.579690,-400.287268,-6000.000000,-74.320000,2363,9914,4025,5746,0,0.411933,0.588067,136.040446
20260510_155730,2026-05-10 15:58:31,15,3.4568,1,500,55,50,5,2,10,10,131,115,27,3043.054908,-4696.669863,2435.504566,1739.048877,230.000000,42.550491,464.225830,-3.685113,151.195830,-355.621071,-5000.000000,-74.140000,2363,8247,3693,4398,0,0.456433,0.543567,133.389543
20260510_155730,2026-05-10 15:58:35,16,3.4638,1,500,55,50,5,1,10,10,158,127,31,2434.673126,-5301.669912,2478.076381,1767.673572,254.000000,44.821827,519.868202,-5.688449,207.738202,-440.983492,-5600.000000,-73.688000,3432,12224,5589,6488,0,0.462780,0.537220,128.430752
20260510_155730,2026-05-10 15:58:38,17,3.3645,1,500,55,50,5,0,10,10,119,113,38,2313.336877,-6617.958766,3686.521029,2006.870084,226.000000,43.053887,527.409319,-5.426464,222.029319,-532.247508,-6800.000000,-76.748000,3201,12022,5230,6614,0,0.441574,0.558426,133.321908
20260510_155730,2026-05-10 15:58:42,18,3.2901,1,500,55,50,5,0,10,10,73,52,26,1297.713561,-4246.859864,2464.442909,1716.645196,104.000000,37.365767,404.606968,-3.810064,128.046968,-310.742535,-4400.000000,-78.280000,1884,8167,3593,4460,0,0.446169,0.553831,132.538591
20260510_155730,2026-05-10 15:58:45,19,3.3912,1,500,55,50,5,0,10,10,110,94,30,971.930372,-4984.790745,2271.249529,1814.819307,188.000000,42.019287,478.974446,-4.525935,184.814446,-420.102543,-5200.000000,-69.156000,2744,10143,4426,5560,0,0.443221,0.556779,132.492763
20260510_155730,2026-05-10 15:58:49,20,3.4402,1,500,55,50,5,0,10,10,81,55,23,1006.311874,-3598.400232,2667.176349,1636.657670,110.000000,43.409842,477.664919,-4.383337,186.184919,-361.447656,-3800.000000,-63.644000,2172,10310,4768,5395,0,0.469153,0.530847,138.972167
20260510_155730,2026-05-10 15:58:53,21,3.8479,1,500,55,50,5,1,10,10,179,151,34,3632.386642,-6004.074821,2874.059936,1941.294921,302.000000,55.601498,605.914232,-5.684246,232.944232,-524.422305,-6400.000000,-37.484000,3078,11661,5255,6240,0,0.457155,0.542845,130.613313
20260510_155730,2026-05-10 15:58:56,22,3.6460,1,500,55,50,5,0,10,10,103,76,21,2497.339774,-3744.479767,2071.574673,1685.995740,152.000000,48.578618,543.919715,-5.193085,215.949715,-435.557015,-4000.000000,-48.228000,3612,11850,5496,6175,0,0.470911,0.529089,135.093017
20260510_155730,2026-05-10 15:59:00,23,3.3542,1,500,55,50,5,0,10,10,94,84,27,1159.877535,-4295.621116,2668.645008,1739.213840,168.000000,44.323740,484.847168,-4.168215,172.907168,-354.083808,-4600.000000,-34.540000,2527,9268,4391,4738,0,0.480995,0.519005,135.986305
20260510_155730,2026-05-10 15:59:03,24,2.8981,1,500,55,50,5,0,10,10,142,124,42,725.011453,-7172.994514,2866.985318,1973.947875,248.000000,34.291879,438.979864,-5.484630,200.209864,-468.225627,-7400.000000,-20.556000,3503,12267,5244,6866,0,0.433031,0.566969,137.246613
20260510_155730,2026-05-10 15:59:44,25,41.1982,0,1,55,50,5,1,10,10,135,93,22,1593.427820,-3595.610945,2623.296417,1580.746865,186.000000,49.036748,428.631611,-2.487163,81.081611,-214.940141,-4000.000000,-41.852000,1838,6235,2599,3534,0,0.423773,0.576227,137.243832
20260510_160855,2026-05-10 16:09:37,0,41.6425,0,1,50,50,0,0,10,10,162,162,24,1297.531563,-4767.846141,2842.145208,1443.086858,324.000000,48.915900,341.900000,-8.779254,173.984041,-764.434828,-4800.000000,-83.432000,3031,8980,3976,4860,0,0.449977,0.550023,132.958067
20260510_160855,2026-05-10 16:09:46,1,8.8404,1,500,50,50,0,1,10,10,120,120,23,1858.556579,-4633.238783,2248.402838,1424.560382,240.000000,50.485765,351.520000,-10.466734,212.774726,-785.748541,-4600.000000,-91.804000,3801,12967,6289,6466,0,0.493062,0.506938,142.508436
20260510_160855,2026-05-10 16:09:50,2,4.6065,1,500,50,50,0,1,10,10,137,137,20,2173.794507,-3869.349952,2078.192537,1541.238890,274.000000,55.002538,372.130000,-6.913788,146.289219,-616.365921,-4000.000000,-93.492000,3118,7813,3544,4137,19,0.460260,0.537273,137.891528
20260510_160855,2026-05-10 16:09:55,3,4.8246,1,500,50,50,0,0,10,10,122,122,16,1242.695544,-3266.471241,1746.914490,1420.337947,244.000000,54.697087,372.490000,-13.112055,265.789246,-912.783518,-3200.000000,-77.552000,4434,13859,6956,6743,0,0.507774,0.492226,134.688905
20260510_160855,2026-05-10 16:09:59,4,4.0057,1,500,50,50,0,0,10,10,118,118,29,1242.119902,-5880.526482,2468.716006,1635.606839,236.000000,42.232497,286.790000,-10.151379,170.437524,-753.063125,-5800.000000,-52.772000,3938,10054,4466,5437,18,0.450156,0.548029,129.022528
20260510_160855,2026-05-10 16:10:04,5,4.4058,1,500,50,50,0,0,10,10,153,153,27,1620.837708,-5346.289046,2583.394245,1662.107412,306.000000,46.541945,328.040000,-7.275205,156.675679,-733.331465,-5400.000000,-42.940000,2843,8206,3507,4565,0,0.434465,0.565535,136.334481
20260510_160855,2026-05-10 16:10:08,6,4.4451,1,500,50,50,0,2,10,10,124,124,29,2816.240346,-5715.511586,3136.787238,1595.800971,248.000000,50.054867,346.960000,-8.934120,125.180097,-626.964431,-5800.000000,-49.808000,2965,9244,3923,5205,0,0.429777,0.570223,129.540931
20260510_160855,2026-05-10 16:10:14,7,5.1455,1,500,50,50,0,1,10,10,157,157,23,1695.396120,-4620.099650,2012.916631,1429.759563,314.000000,59.566285,417.950000,-13.189596,232.838972,-952.925310,-4600.000000,-78.340000,5322,13730,6160,7416,0,0.453742,0.546258,133.080535
20260510_160855,2026-05-10 16:10:18,8,4.7860,1,500,50,50,0,2,10,10,182,182,26,3602.534143,-5105.871203,2467.707687,1554.584484,364.000000,52.700461,372.990000,-10.213647,182.671783,-804.407801,-5200.000000,-63.612000,3409,10850,4768,5930,6,0.445441,0.553999,135.114714
20260510_160855,2026-05-10 16:10:24,9,5.2390,1,500,50,50,0,1,10,10,230,230,31,2818.495413,-6012.533561,2363.044023,1710.365102,460.000000,58.351281,421.450000,-8.805591,200.163661,-871.028912,-6200.000000,-72.664000,3998,10335,4379,5784,0,0.430877,0.569123,141.475628
20260510_160855,2026-05-10 16:10:29,10,5.3174,1,500,50,50,0,5,10,10,293,293,19,3102.174103,-3435.165957,1882.461905,1451.616498,586.000000,62.645015,438.880000,-9.923006,256.235763,-884.143729,-3800.000000,-84.860000,4786,12096,5778,6123,2,0.485424,0.514408,141.989851
20260510_160855,2026-05-10 16:10:34,11,4.7336,1,500,50,50,0,1,10,10,245,245,30,1779.938927,-5864.860705,2026.635625,1745.717218,490.000000,51.655693,376.780000,-10.839883,264.240060,-986.752576,-6000.000000,-49.944000,3898,12138,5371,6585,1,0.449193,0.550723,136.391210
20260510_160855,2026-05-10 16:10:40,12,5.5432,1,500,50,50,0,5,10,10,341,341,25,5098.227320,-4477.894141,2261.275780,1636.886448,682.000000,64.125620,458.960000,-8.841857,202.187259,-789.753164,-5000.000000,-86.572000,4339,10123,4450,5497,10,0.446922,0.552074,138.457520
20260510_160855,2026-05-10 16:10:46,13,6.2273,1,500,50,50,0,6,10,10,373,373,17,3472.655172,-2507.612270,1806.679216,1508.102768,746.000000,75.880368,556.360000,-5.339520,128.498427,-507.615545,-3400.000000,-101.396000,3189,5858,2541,3203,0,0.442375,0.557625,134.962864
20260510_160855,2026-05-10 16:10:51,14,5.1437,1,500,50,50,0,3,10,10,282,282,33,3263.029760,-6391.894574,2188.141222,1837.507400,564.000000,56.709798,412.050000,-9.202281,211.155127,-970.435218,-6600.000000,-56.172000,3906,9852,4217,5443,4,0.436362,0.563224,134.779738
20260510_160855,2026-05-10 16:10:57,15,5.6552,1,500,50,50,0,3,10,10,285,285,29,2886.971846,-5626.142873,3284.407993,1668.443417,570.000000,64.758299,475.080000,-14.123259,311.214205,-1151.760117,-5800.000000,-81.312000,4918,15538,7150,8174,0,0.466588,0.533412,138.320159
20260510_160855,2026-05-10 16:11:03,16,5.9642,1,500,50,50,0,4,10,10,333,333,26,4673.797638,-4848.663084,2398.346858,1599.368484,666.000000,68.159304,483.830000,-12.459079,266.097200,-1056.654508,-5200.000000,-63.636000,4508,13682,6178,7327,1,0.457426,0.542500,134.323541
20260510_160855,2026-05-10 16:11:08,17,5.1361,1,500,50,50,0,0,10,10,217,217,22,2225.820720,-4129.340570,2114.433969,1572.464425,434.000000,53.136140,386.550000,-8.135954,203.408105,-738.702861,-4400.000000,-59.596000,3333,10218,4761,5289,0,0.473731,0.526269,145.132739
20260510_160855,2026-05-10 16:11:14,18,5.5315,1,500,50,50,0,1,10,10,302,302,23,2825.980542,-4279.331562,2070.244257,1594.037659,604.000000,64.265133,450.970000,-12.229299,261.569499,-976.630895,-4600.000000,-71.276000,4855,12821,5975,6707,1,0.471103,0.528818,133.681304
20260510_160855,2026-05-10 16:11:19,19,5.7265,1,500,50,50,0,5,10,10,327,327,21,3035.039640,-3725.808442,2675.438791,1592.785912,654.000000,65.086135,491.630000,-11.551631,254.224983,-938.753929,-4200.000000,-40.444000,4241,12391,5408,6802,0,0.442916,0.557084,137.209131
20260510_160855,2026-05-10 16:11:25,20,5.3757,1,500,50,50,0,4,10,10,286,286,27,4017.305894,-5186.384687,2222.120271,1665.692333,572.000000,60.045117,433.360000,-11.326341,287.983602,-1101.171065,-5400.000000,-27.276000,4843,13698,6262,7221,0,0.464437,0.535563,139.049326
20260510_160855,2026-05-10 16:11:31,21,5.9598,1,500,50,50,0,4,10,10,237,237,15,2557.699072,-2495.400012,1669.799126,1411.282756,474.000000,66.131001,505.520000,-6.023236,176.126346,-681.878123,-3000.000000,-29.276000,3001,7125,3099,3881,0,0.443983,0.556017,142.801607
20260510_160855,2026-05-10 16:11:37,22,5.6867,1,500,50,50,0,2,10,10,268,268,24,2733.019175,-4468.128099,2076.105407,1719.411381,536.000000,65.268753,467.740000,-9.707409,215.851067,-912.724510,-4800.000000,-30.556000,3842,10874,4852,5847,0,0.453500,0.546500,137.568476
20260510_160855,2026-05-10 16:11:42,23,5.1642,1,500,50,50,0,1,10,10,189,189,21,2885.894143,-3991.324088,2071.694120,1676.996768,378.000000,54.615153,412.390000,-7.623662,215.224580,-808.090160,-4200.000000,-35.840000,3790,9428,4140,5103,0,0.447907,0.552093,142.779823
20260510_160855,2026-05-10 16:11:47,24,4.7126,1,500,50,50,0,0,10,10,151,151,29,1147.061363,-5779.122883,2483.336454,1845.760356,302.000000,49.045097,364.440000,-8.973842,238.533461,-892.971598,-5800.000000,-31.196000,3953,10230,4557,5480,6,0.453749,0.545654,138.844244
20260510_160855,2026-05-10 16:11:51,25,4.1900,1,500,50,50,0,1,10,10,116,116,36,3539.783382,-7320.410563,3265.975000,1983.172810,232.000000,40.461554,291.590000,-7.311408,144.769714,-788.292423,-7200.000000,-33.628000,3275,8028,3134,4752,0,0.397413,0.602587,135.578154
20260510_160855,2026-05-10 16:11:56,26,4.7226,1,500,50,50,0,2,10,10,182,182,23,2241.244442,-4387.427721,2073.222935,1685.485649,364.000000,48.058628,348.520000,-7.294079,181.749240,-677.133511,-4600.000000,-45.328000,3420,8126,3498,4492,0,0.437797,0.562203,137.524243
20260510_160855,2026-05-10 16:12:00,27,4.4996,1,500,50,50,0,1,10,10,158,158,28,2419.717906,-5522.795774,3069.184632,1812.648820,316.000000,47.437488,338.120000,-7.492451,167.422021,-728.950832,-5600.000000,-55.332000,3357,8358,3305,4926,0,0.401531,0.598469,138.285520
20260510_160855,2026-05-10 16:12:05,28,4.6732,1,500,50,50,0,1,10,10,165,165,24,2553.120962,-4669.754187,2077.754023,1739.219188,330.000000,48.977280,353.220000,-7.405074,155.398145,-709.544538,-4800.000000,-40.400000,2964,8183,3557,4500,0,0.441479,0.558521,135.862065
20260510_160855,2026-05-10 16:12:10,29,4.8626,1,500,50,50,0,4,10,10,285,285,31,4629.248975,-5899.013547,2078.190073,1887.053215,570.000000,52.744672,368.400000,-8.142341,181.555997,-832.639875,-6200.000000,-30.932000,4018,8671,3698,4821,0,0.434089,0.565911,134.293460
20260510_160855,2026-05-10 16:12:15,30,4.8940,1,500,50,50,0,5,10,10,227,227,29,3291.427389,-5649.417990,2072.844670,1802.977425,454.000000,53.746425,366.820000,-9.497843,225.365477,-890.096048,-5800.000000,-49.756000,4464,10495,4762,5565,0,0.461121,0.538879,137.652940
20260510_160855,2026-05-10 16:12:20,31,5.2845,1,500,50,50,0,0,10,10,189,189,26,1183.113822,-5227.999496,2029.783711,1759.647927,378.000000,57.435333,398.960000,-12.274647,293.455314,-1106.323497,-5200.000000,-37.252000,5306,13794,6211,7390,0,0.456658,0.543342,137.104438
20260510_160855,2026-05-10 16:13:02,32,41.3698,0,1,50,50,0,1,10,10,115,115,16,3081.522726,-2977.451370,1861.016718,1384.905925,230.000000,45.894688,338.230000,-5.601878,129.053115,-458.951294,-3200.000000,-56.076000,2607,6106,2781,3231,0,0.462575,0.537425,136.937385
20260510_161346,2026-05-10 16:13:57,0,10.6050,1,500,50,50,0,0,10,10,111,111,17,1479.784966,-3265.734162,1839.871020,1324.418750,222.000000,46.865192,336.890000,-6.622745,127.818582,-512.017191,-3400.000000,-80.668000,3382,7594,3335,4140,0,0.446154,0.553846,138.363134
20260510_161346,2026-05-10 16:14:01,1,4.2197,1,500,50,50,0,1,10,10,114,114,30,1854.021859,-6044.458234,2276.247423,1612.371557,228.000000,43.982712,313.890000,-9.720421,136.116618,-685.111143,-6000.000000,-71.616000,3330,9133,3700,5307,0,0.410792,0.589208,125.034135
20260510_161346,2026-05-10 16:14:06,2,5.1159,1,500,50,50,0,0,10,10,231,231,29,2822.792811,-5777.866655,2440.109610,1759.268982,462.000000,56.956576,398.930000,-10.705841,277.813353,-1084.248743,-5800.000000,-78.612000,4039,12033,5470,6371,0,0.461954,0.538046,137.043383
20260510_161346,2026-05-10 16:14:11,3,4.7683,1,500,50,50,0,1,10,10,142,142,26,2027.206889,-5457.361238,2465.834829,1603.781584,284.000000,50.400009,360.680000,-12.597276,277.827118,-1137.967090,-5200.000000,-79.704000,4196,13177,6048,6933,0,0.465912,0.534088,133.120969
20260510_161346,2026-05-10 16:14:17,4,5.5523,1,500,50,50,0,1,10,10,239,239,27,2003.462867,-5422.273808,2266.559907,1659.036117,478.000000,64.780086,460.580000,-13.604990,341.643472,-1255.160375,-5400.000000,-98.512000,5458,15161,7000,7940,0,0.468541,0.531459,136.959385
20260510_161346,2026-05-10 16:14:22,5,4.8750,1,500,50,50,0,0,10,10,201,201,28,3440.086492,-5558.536790,2262.253286,1669.269440,402.000000,55.352114,379.370000,-11.296273,234.286120,-927.648751,-5600.000000,-90.600000,4149,12506,5631,6710,0,0.456284,0.543716,136.569638
20260510_161346,2026-05-10 16:14:27,6,5.2113,1,500,50,50,0,1,10,10,242,242,26,2466.758282,-5070.278554,2053.739740,1698.083336,484.000000,59.279287,413.550000,-10.028119,269.126454,-1011.802175,-5200.000000,-74.404000,3848,11444,5216,6036,2,0.463480,0.536343,138.579704
20260510_161346,2026-05-10 16:14:32,7,4.4166,1,500,50,50,0,0,10,10,193,193,38,2237.624917,-7682.248745,2271.339776,1921.987369,386.000000,45.016778,321.380000,-9.681534,195.427372,-975.671360,-7600.000000,-44.720000,3117,10526,4508,5829,0,0.436103,0.563897,135.139162
20260510_161346,2026-05-10 16:14:36,8,4.4975,1,500,50,50,0,0,10,10,182,182,31,1745.918131,-6175.456591,2465.808765,1794.186497,364.000000,45.524877,317.220000,-9.818686,179.246208,-810.504991,-6200.000000,-61.124000,3315,10570,4555,5865,0,0.437140,0.562860,133.025494
20260510_161346,2026-05-10 16:14:41,9,4.8661,1,500,50,50,0,0,10,10,207,207,34,1500.888445,-6794.906377,2286.110097,1903.685337,414.000000,53.415492,366.270000,-10.797980,216.123429,-954.513318,-6800.000000,-79.404000,3312,11292,4800,6331,0,0.431228,0.568772,129.615423
20260510_161346,2026-05-10 16:14:46,10,4.4246,1,500,50,50,0,0,10,10,168,168,29,1185.708595,-5751.959601,2643.601069,1845.418540,336.000000,48.990600,344.280000,-9.267663,192.649417,-792.515955,-5800.000000,-72.096000,2600,10825,4895,5793,0,0.457990,0.542010,139.994515
20260510_161346,2026-05-10 16:14:50,11,4.5831,1,500,50,50,0,1,10,10,103,103,17,1680.361528,-3440.859489,2068.582679,1485.569172,206.000000,50.094524,343.150000,-9.744260,216.534733,-788.766486,-3400.000000,-58.128000,3369,10178,4787,5253,0,0.476793,0.523207,134.042841
20260510_161346,2026-05-10 16:14:55,12,4.3899,1,500,50,50,0,0,10,10,85,85,22,1092.218030,-4457.923849,2359.330900,1648.609315,170.000000,41.914271,318.920000,-7.813300,176.726826,-724.399646,-4400.000000,-33.272000,2987,8264,3900,4233,0,0.479528,0.520472,131.888211
20260510_161346,2026-05-10 16:14:59,13,4.1781,1,500,50,50,0,0,10,10,128,128,27,1107.781519,-5283.624781,2664.631924,1689.534577,256.000000,44.304282,317.650000,-6.699420,133.764795,-595.800439,-5400.000000,-32.844000,2522,7881,3735,4033,4,0.480571,0.518914,141.548756
20260510_161346,2026-05-10 16:15:04,14,4.8002,1,500,50,50,0,0,10,10,153,153,19,2188.594472,-3578.875410,2259.822384,1626.844980,306.000000,53.224551,371.940000,-6.689733,136.855246,-576.933474,-3800.000000,-63.272000,2958,8336,3416,4787,0,0.416433,0.583567,144.143559
20260510_161346,2026-05-10 16:15:08,15,3.6789,1,500,50,50,0,0,10,10,129,129,35,1164.507159,-7192.719789,2488.685510,1956.462641,258.000000,37.952538,263.600000,-9.706165,186.008196,-898.714357,-7000.000000,-29.860000,2554,9728,4202,5373,0,0.438851,0.561149,128.056350
20260510_161346,2026-05-10 16:15:12,16,4.7902,1,500,50,50,0,0,10,10,210,210,31,1167.639234,-6085.579428,2276.405891,1801.534609,420.000000,53.365538,363.610000,-8.600962,180.097704,-849.487708,-6200.000000,-44.564000,3726,9853,4224,5468,0,0.435823,0.564177,137.973773
20260510_161346,2026-05-10 16:15:17,17,4.4860,1,500,50,50,0,1,10,10,146,146,26,1903.471515,-5188.500855,2058.968163,1767.328077,292.000000,45.747922,332.040000,-9.688641,189.493040,-798.253177,-5200.000000,-39.840000,3045,9403,4058,5227,0,0.437049,0.562951,131.008750
20260510_161346,2026-05-10 16:15:22,18,4.7968,1,500,50,50,0,2,10,10,157,157,18,2543.881552,-3313.417134,2065.428704,1499.548091,314.000000,53.420164,380.400000,-6.176044,142.878579,-549.403834,-3600.000000,-48.536000,2655,6603,2955,3538,0,0.455105,0.544895,135.055194
20260510_161346,2026-05-10 16:15:27,19,5.0484,1,500,50,50,0,1,10,10,184,184,28,1918.431225,-5559.093231,2879.086605,1797.143298,368.000000,55.565213,394.370000,-9.313907,220.796335,-930.318871,-5600.000000,-58.192000,3251,9608,4236,5211,0,0.448396,0.551604,131.112496
20260510_161346,2026-05-10 16:15:31,20,4.2813,1,500,50,50,0,0,10,10,141,141,31,1196.501786,-6254.290412,2460.546750,1846.809277,282.000000,43.193633,318.840000,-8.715443,193.134304,-835.298906,-6200.000000,-47.444000,2745,9405,4061,5172,0,0.439835,0.560165,131.011859
20260510_161346,2026-05-10 16:15:36,21,4.5000,1,500,50,50,0,1,10,10,161,161,33,2677.242350,-6615.897151,2633.705269,1860.708392,322.000000,45.494402,321.310000,-7.792795,163.240228,-787.688986,-6600.000000,-72.460000,3430,8185,3424,4621,0,0.425606,0.574394,132.112948
20260510_161346,2026-05-10 16:15:41,22,4.8601,1,500,50,50,0,1,10,10,159,159,22,2617.892426,-4126.188144,2241.538514,1604.443556,318.000000,50.678600,361.900000,-4.481754,104.669409,-471.830399,-4400.000000,-85.124000,2589,5571,2609,2857,0,0.477314,0.522686,142.693063
20260510_161346,2026-05-10 16:15:45,23,4.6165,1,500,50,50,0,0,10,10,105,105,19,1312.941828,-3640.999024,2076.593613,1530.429474,210.000000,48.888112,343.610000,-4.983487,121.071137,-477.880786,-3800.000000,-81.704000,2850,5742,2492,3150,0,0.441687,0.558313,136.188582
20260510_161346,2026-05-10 16:15:50,24,4.1314,1,500,50,50,0,0,10,10,120,120,27,2520.564257,-5367.978057,2266.454323,1801.852646,240.000000,44.145816,303.150000,-5.453401,117.839987,-596.192459,-5400.000000,-71.468000,2701,5963,2514,3333,0,0.429964,0.570036,137.149029
20260510_161346,2026-05-10 16:15:54,25,4.6260,1,500,50,50,0,0,10,10,86,86,28,1881.620927,-5781.202020,2881.918645,1789.263000,172.000000,48.492339,332.550000,-8.884958,209.486657,-855.334057,-5600.000000,-79.512000,4260,9390,4229,5018,0,0.457338,0.542662,132.130569
20260510_161346,2026-05-10 16:15:59,26,4.2913,1,500,50,50,0,0,10,10,129,129,32,1009.379667,-6543.007873,2475.907893,1827.242122,258.000000,42.978655,296.880000,-7.763424,164.325003,-818.684107,-6400.000000,-78.744000,3134,8531,3558,4839,0,0.423723,0.576277,133.820397
20260510_161346,2026-05-10 16:16:03,27,4.5638,1,500,50,50,0,1,10,10,125,125,26,1259.841762,-5136.797033,2063.273112,1722.437916,250.000000,49.685926,340.620000,-5.567764,119.459847,-599.751042,-5200.000000,-91.244000,2874,6377,2682,3583,0,0.428093,0.571907,137.807032
20260510_161346,2026-05-10 16:16:45,28,41.4024,0,1,50,50,0,0,10,10,130,130,28,2038.552904,-5616.332101,2665.347743,1785.811625,260.000000,43.002416,296.450000,-8.903149,136.236419,-673.429787,-5600.000000,-69.688000,3591,9049,3863,5041,0,0.433850,0.566150,130.495915
20260510_161346,2026-05-10 16:17:26,29,41.4725,0,1,50,50,0,4,10,10,203,203,27,3221.654481,-5203.280929,2480.076853,1722.070003,406.000000,53.803080,378.580000,-7.693579,151.397821,-717.580252,-5400.000000,-67.788000,3203,8072,3404,4537,0,0.428661,0.571339,134.514574
20260510_161346,2026-05-10 16:18:08,30,41.4159,0,1,50,50,0,0,10,10,165,165,39,2076.589843,-7889.849888,3071.477451,2042.965039,330.000000,40.711280,278.450000,-7.433010,172.587565,-860.073723,-7800.000000,-44.092000,3094,7968,3148,4663,0,0.403021,0.596979,134.620211
20260510_161346,2026-05-10 16:18:49,31,41.4401,0,1,50,50,0,0,10,10,106,106,31,1122.330770,-6315.133317,2468.222126,1838.085810,212.000000,37.182221,257.570000,-6.366078,149.858837,-723.226298,-6200.000000,-42.152000,2659,7185,2877,4151,0,0.409363,0.590637,138.300088
20260510_162051,2026-05-10 16:21:03,0,12.0224,1,500,100,100,0,0,20,20,260,260,69,1924.714028,-6769.947765,2433.161086,1617.244596,260.000000,38.612653,262.215000,-12.750713,707.802499,-1049.867204,-6900.000000,-75.960000,0,27858,11746,15682,0,0.428249,0.571751,132.331386
20260510_162051,2026-05-10 16:21:10,1,7.0403,1,500,100,100,0,1,20,20,242,242,67,2495.198786,-6469.425553,2990.782067,1555.298195,242.000000,36.255556,263.525000,-9.913778,673.334276,-891.698607,-6700.000000,-82.928000,0,24345,10483,13429,0,0.438399,0.561601,138.786325
20260510_162051,2026-05-10 16:21:17,2,6.2264,1,500,100,100,0,0,20,20,185,185,74,1443.691118,-7321.012928,2383.247302,1678.441737,185.000000,31.096916,213.760000,-9.928406,641.869072,-923.010511,-7400.000000,-59.800000,0,23683,10331,12961,2,0.443505,0.556409,138.333718
20260510_162051,2026-05-10 16:21:24,3,7.2558,1,500,100,100,0,0,20,20,210,210,61,2077.441835,-5881.717836,3777.372566,1605.195727,210.000000,39.146029,278.170000,-15.309715,848.866372,-1067.728521,-6100.000000,-74.862000,0,33942,15661,17591,258,0.467353,0.524948,131.259975
20260510_162051,2026-05-10 16:21:30,4,6.1110,1,500,100,100,0,0,20,20,226,226,82,2847.597176,-8116.439407,2813.480383,1782.149973,226.000000,30.527792,217.230000,-11.430409,682.945005,-1006.771794,-8200.000000,-54.940000,0,23484,9961,13126,0,0.431455,0.568545,127.760101
20260510_162051,2026-05-10 16:21:37,5,7.0214,1,500,100,100,0,1,20,20,180,180,66,3155.882546,-6489.161873,3400.637780,1667.312574,180.000000,37.040981,264.800000,-12.974003,734.121713,-1018.798563,-6600.000000,-73.352000,0,27984,12383,15172,3,0.449343,0.550548,130.796887
20260510_162051,2026-05-10 16:21:46,6,8.2894,1,500,100,100,0,2,20,20,287,287,55,2794.604154,-5118.918036,2279.048053,1662.571201,287.000000,48.472280,339.075000,-15.266626,980.078516,-1171.541207,-5500.000000,-86.736000,0,35059,15954,18612,0,0.461552,0.538448,133.521039
20260510_162051,2026-05-10 16:21:54,7,7.9586,1,500,100,100,0,1,20,20,234,234,57,3501.380732,-5359.319614,2850.081497,1717.249062,234.000000,42.774448,310.800000,-13.674926,929.423815,-1085.540951,-5700.000000,-77.102000,0,33435,15850,16796,282,0.481353,0.510083,138.771007
20260510_162051,2026-05-10 16:22:01,8,7.4506,1,500,100,100,0,2,20,20,261,261,61,5536.485772,-5809.838484,2691.594571,1810.907698,261.000000,41.223223,291.165000,-13.325260,972.079071,-1197.356518,-6100.000000,-64.624000,0,29604,13586,15477,11,0.467290,0.532331,133.496947
20260510_162051,2026-05-10 16:22:10,9,8.3101,1,500,100,100,0,1,20,20,249,249,56,2890.840481,-5268.127437,2499.708505,1751.905044,249.000000,46.148685,332.790000,-14.424579,1010.939782,-1204.567325,-5600.000000,-88.014000,0,34091,15742,17821,11,0.468875,0.530798,139.315163
20260510_162051,2026-05-10 16:22:18,10,8.1408,1,500,100,100,0,3,20,20,277,277,61,3187.768551,-5745.868908,2899.535019,1791.390247,277.000000,45.868455,316.760000,-13.729518,1025.314613,-1229.258458,-6100.000000,-67.824000,0,34930,16045,18263,8,0.467566,0.532201,143.268026
20260510_162051,2026-05-10 16:22:26,11,8.0087,1,500,100,100,0,3,20,20,330,330,67,4287.510365,-6405.354488,3291.477545,1921.628817,330.000000,46.063322,326.080000,-14.305512,985.399359,-1309.257657,-6700.000000,-69.334000,0,32178,14029,17575,0,0.443900,0.556100,135.377786
20260510_162051,2026-05-10 16:22:34,12,7.6708,1,500,100,100,0,1,20,20,292,292,80,3299.253293,-7892.232838,3087.570220,2027.123737,292.000000,41.363813,294.645000,-15.042683,1014.130080,-1454.733049,-8000.000000,-64.596000,0,31349,13484,17346,0,0.437366,0.562634,129.026135
20260510_162051,2026-05-10 16:22:42,13,7.9369,1,500,100,100,0,4,20,20,304,304,70,3899.436301,-6780.267646,3277.728627,1948.789553,304.000000,43.577799,302.355000,-17.365540,1228.914118,-1567.947024,-7000.000000,-73.802000,0,38893,17670,20623,0,0.461442,0.538558,133.665485
20260510_162051,2026-05-10 16:22:49,14,7.4053,1,500,100,100,0,3,20,20,290,290,74,5802.140870,-7210.492006,3095.663020,1909.349053,290.000000,36.567253,268.870000,-14.102929,1020.188662,-1337.148992,-7400.000000,-74.866000,0,33435,14756,18117,2,0.448852,0.551087,136.229183
20260510_162051,2026-05-10 16:22:57,15,7.6253,1,500,100,100,0,0,20,20,253,253,67,2477.854478,-6547.397282,3481.943840,1904.186654,253.000000,39.892085,283.000000,-13.652355,1022.906164,-1352.287176,-6700.000000,-80.256000,0,31244,14193,16506,0,0.462328,0.537672,131.649546
20260510_162051,2026-05-10 16:23:06,16,8.2876,1,500,100,100,0,0,20,20,278,278,64,1990.912175,-6105.659049,2893.118711,1870.376126,278.000000,43.632798,317.210000,-14.674562,1117.888243,-1354.013529,-6400.000000,-93.702000,0,33939,15492,17896,0,0.463999,0.536001,135.095453
20260510_162051,2026-05-10 16:23:13,17,7.5706,1,500,100,100,0,0,20,20,205,205,68,1393.582373,-6707.424576,3500.646048,1918.104270,205.000000,36.212689,271.455000,-12.698955,912.138891,-1244.648202,-6800.000000,-74.884000,0,28763,12860,15400,0,0.455060,0.544940,135.788728
20260510_162051,2026-05-10 16:23:21,18,7.8387,1,500,100,100,0,1,20,20,253,253,61,2883.917745,-5877.730074,2482.832323,1748.871764,253.000000,39.653634,295.645000,-13.071112,821.867284,-1093.774879,-6100.000000,-81.050000,0,29493,13169,15849,0,0.453822,0.546178,130.222437
20260510_162051,2026-05-10 16:23:29,19,7.1223,1,500,100,100,0,1,20,20,224,224,67,2182.190565,-6554.083783,3479.965114,1916.375792,224.000000,36.837979,266.885000,-10.835631,680.069551,-982.300681,-6700.000000,-68.740000,0,23465,10057,13002,0,0.436142,0.563858,132.175077
20260510_162051,2026-05-10 16:23:37,20,7.9472,1,500,100,100,0,0,20,20,210,210,62,2913.585011,-5998.573273,2516.213358,1877.918975,210.000000,42.420419,305.570000,-12.729045,909.615338,-1172.303985,-6200.000000,-81.146000,0,30189,13708,16008,0,0.461300,0.538700,138.152518
20260510_162605,2026-05-10 16:26:37,0,32.0282,1,500,100,100,0,1,20,20,298,298,60,2565.972702,-5617.228695,2875.608623,1505.679974,298.000000,47.189184,338.585000,-15.663192,889.172869,-1086.968555,-6000.000000,-87.544000,0,37523,17414,19442,0,0.472488,0.527512,137.838047
20260510_162605,2026-05-10 16:26:45,1,7.6109,1,500,100,100,0,0,20,20,257,257,61,2291.250457,-5747.085935,2875.047896,1538.443658,257.000000,41.423820,292.000000,-16.250106,939.216000,-1084.167650,-6100.000000,-76.308000,0,39660,18245,20762,0,0.467737,0.532263,134.940824
20260510_162605,2026-05-10 16:26:52,2,7.1653,1,500,100,100,0,0,20,20,233,233,62,2503.256297,-5917.596571,2610.283929,1530.535712,233.000000,37.881392,266.130000,-15.482330,885.929331,-1051.922964,-6200.000000,-73.132000,0,37017,17080,19318,2,0.469231,0.530714,136.091616
20260510_162605,2026-05-10 16:27:01,3,8.4168,1,500,100,100,0,1,20,20,278,278,52,2589.247103,-4786.502998,2388.042061,1385.691658,278.000000,45.235816,327.745000,-16.444589,936.649980,-1062.589205,-5200.000000,-95.100000,0,39970,18874,20497,2,0.479364,0.520585,138.622909
20260510_162605,2026-05-10 16:27:08,4,7.0487,1,500,100,100,0,1,20,20,236,236,63,3510.450310,-6007.549950,2087.800452,1524.509528,236.000000,34.634245,253.425000,-13.169552,812.788176,-971.347818,-6300.000000,-59.880000,0,29738,13790,15415,0,0.472179,0.527821,131.243208
20260510_162605,2026-05-10 16:27:16,5,8.3019,1,500,100,100,0,1,20,20,390,390,68,3305.939910,-6393.869787,2842.493602,1656.010939,390.000000,43.872575,318.935000,-16.457023,938.596647,-1199.444987,-6800.000000,-69.372000,0,37752,16817,19842,394,0.453863,0.535503,134.749025
20260510_162605,2026-05-10 16:27:24,6,7.7637,1,500,100,100,0,0,20,20,246,246,61,2470.454859,-5757.368835,3013.931394,1656.349643,246.000000,39.928415,287.840000,-16.076313,1031.662190,-1177.743127,-6100.000000,-68.980000,0,37463,17777,18960,0,0.483899,0.516101,136.655783
20260510_162605,2026-05-10 16:27:32,7,7.9659,1,500,100,100,0,2,20,20,309,309,68,3917.436652,-6402.131278,3076.200292,1888.887177,309.000000,41.940283,297.290000,-14.875062,928.202202,-1108.462701,-6800.000000,-55.226000,0,33571,15359,17521,3,0.467080,0.532829,132.682898
20260510_162605,2026-05-10 16:27:41,8,8.1574,1,500,100,100,0,2,20,20,370,370,66,4432.781099,-6107.079494,3477.208837,1821.346759,370.000000,45.010728,324.900000,-15.176558,1011.967308,-1188.772973,-6600.000000,-55.008000,0,34664,16714,17280,3,0.491632,0.508280,134.549814
20260510_162605,2026-05-10 16:27:49,9,8.5374,1,500,100,100,0,1,20,20,461,461,70,5424.592370,-6440.815168,2844.721581,1879.355283,461.000000,44.304438,321.610000,-14.211360,967.714807,-1162.585053,-7000.000000,-58.648000,0,32583,14816,17094,7,0.464204,0.535577,136.068645
20260510_162605,2026-05-10 16:27:57,10,8.0123,1,500,100,100,0,2,20,20,324,324,71,3452.301137,-6694.226989,3059.442888,1860.418114,324.000000,41.440287,303.480000,-14.570486,1017.234154,-1210.922943,-7100.000000,-54.888000,0,36336,17005,18598,2,0.477601,0.522342,140.464152
20260510_162605,2026-05-10 16:28:06,11,8.4941,1,500,100,100,0,4,20,20,493,493,69,3885.229724,-6285.960212,3069.636648,1832.026494,493.000000,47.427191,336.665000,-13.752421,874.055279,-1060.495261,-6900.000000,-62.860000,0,32390,14627,16836,184,0.462192,0.531994,136.680474
20260510_162605,2026-05-10 16:28:15,12,9.1951,1,500,100,100,0,2,20,20,350,350,53,4478.279457,-4782.629592,2703.694090,1684.984453,350.000000,49.376383,379.450000,-12.934322,816.851615,-980.599269,-5300.000000,-84.774000,0,29375,13139,15654,28,0.455883,0.543146,136.067144
20260510_162605,2026-05-10 16:28:25,13,9.5161,1,500,100,100,0,3,20,20,502,502,64,3492.390093,-5754.744487,3657.648056,1846.028026,502.000000,50.937095,382.120000,-12.573947,902.104624,-1092.438259,-6400.000000,-86.894000,0,32990,14428,17782,30,0.447519,0.551551,144.796228
20260510_162605,2026-05-10 16:28:34,14,9.3895,1,500,100,100,0,5,20,20,483,483,64,5303.082739,-5735.160725,3177.179891,1769.980821,483.000000,52.128056,376.670000,-13.939261,990.792616,-1140.970135,-6400.000000,-82.842000,0,34565,16053,17725,11,0.475095,0.524579,141.853608
20260510_162605,2026-05-10 16:28:45,15,10.9016,1,500,100,100,0,14,20,20,781,781,61,9407.012585,-5070.113821,2447.879359,1704.534060,781.000000,62.642219,461.400000,-14.391088,1013.185710,-1193.772662,-6100.000000,-80.178000,0,34257,15840,17670,23,0.472371,0.526944,139.949936
20260510_162605,2026-05-10 16:28:55,16,9.4931,1,500,100,100,0,9,20,20,688,688,76,6067.362351,-6826.594223,2664.668675,1897.895943,688.000000,53.495871,388.200000,-13.715241,953.532742,-1224.357595,-7600.000000,-71.750000,0,33486,14881,17866,34,0.453952,0.545011,139.747700
20260510_162605,2026-05-10 16:29:05,17,10.1228,1,500,100,100,0,8,20,20,587,587,67,5395.682756,-5938.016897,2729.267633,1778.185159,587.000000,54.885692,406.370000,-14.819631,1077.966782,-1283.673739,-6700.000000,-65.746000,0,39167,17688,20546,39,0.462153,0.536828,144.111688
20260510_162605,2026-05-10 16:29:16,18,10.1956,1,500,100,100,0,5,20,20,742,742,72,6172.118340,-6293.490138,3691.690875,1882.477343,742.000000,52.650356,395.785000,-18.236324,1249.471665,-1459.150835,-7200.000000,-56.010000,0,44704,20591,23141,5,0.470791,0.529094,140.940226
20260510_162605,2026-05-10 16:29:24,19,8.5672,1,500,100,100,0,3,20,20,588,588,79,6844.407759,-7228.129637,3089.709533,1999.722215,588.000000,45.146874,331.350000,-17.700349,1155.192707,-1375.728869,-7900.000000,-54.390000,0,40466,18575,21060,30,0.468297,0.530947,133.754634
20260510_162605,2026-05-10 16:29:32,20,7.9780,1,500,100,100,0,3,20,20,416,416,77,2831.770643,-7265.120814,2892.039354,1929.333412,416.000000,43.222415,308.725000,-15.056458,920.653256,-1178.973026,-7700.000000,-59.692000,0,33622,14622,18317,4,0.443858,0.556021,132.649636
20260510_162605,2026-05-10 16:29:41,21,8.0129,1,500,100,100,0,2,20,20,308,308,71,3221.942507,-6725.023477,2675.469595,1896.702646,308.000000,39.270516,306.705000,-14.461015,885.455234,-1090.917213,-7100.000000,-59.076000,0,32604,14132,17862,4,0.441653,0.558222,134.197226
20260510_162605,2026-05-10 16:29:50,22,8.9373,1,500,100,100,0,1,20,20,333,333,59,4005.731395,-5438.556381,2481.153734,1817.336863,333.000000,44.041630,332.610000,-10.669612,719.472709,-883.895109,-5900.000000,-73.116000,0,25963,11361,13985,0,0.448236,0.551764,138.389743
20260510_162605,2026-05-10 16:29:58,23,8.1155,1,500,100,100,0,0,20,20,294,294,63,2519.501846,-5944.015897,2883.354543,1872.253198,294.000000,39.492226,295.485000,-13.251561,839.024529,-1040.996091,-6300.000000,-57.770000,0,30898,13396,16855,0,0.442828,0.557172,135.607525
20260510_162605,2026-05-10 16:30:06,24,7.9323,1,500,100,100,0,2,20,20,303,303,70,3102.771333,-6688.548428,3272.285743,1941.818503,303.000000,41.688767,293.335000,-12.850109,787.305591,-1034.471678,-7000.000000,-66.556000,0,29454,12800,16023,4,0.444028,0.555833,136.444493
20260510_162605,2026-05-10 16:30:14,25,8.0895,1,500,100,100,0,2,20,20,301,301,73,2780.526348,-6944.428075,3685.430638,1916.203451,301.000000,41.842677,298.935000,-16.473157,1016.512131,-1220.178726,-7300.000000,-66.066000,0,40700,17865,21996,4,0.448137,0.551762,140.271368
20260510_162605,2026-05-10 16:30:23,26,8.2403,1,500,100,100,0,5,20,20,385,385,75,4205.154044,-7109.562943,3291.377394,1978.896236,385.000000,44.315560,313.125000,-15.489352,959.093799,-1232.461950,-7500.000000,-63.146000,0,38581,16831,20994,0,0.444970,0.555030,139.583619
20260510_162605,2026-05-10 16:30:31,27,8.5176,1,500,100,100,0,2,20,20,368,368,67,4760.226666,-6216.183996,2787.499583,1847.008665,368.000000,47.234521,341.970000,-10.512001,676.929132,-868.947648,-6700.000000,-70.858000,0,24990,10731,13668,6,0.439705,0.560049,138.605292
20260510_162605,2026-05-10 16:30:39,28,7.1913,1,500,100,100,0,2,20,20,296,296,69,4615.659910,-6538.067024,2489.103977,1752.397513,296.000000,33.555011,271.335000,-11.107694,662.643942,-835.131284,-6900.000000,-55.362000,0,24137,10440,13213,0,0.441382,0.558618,132.968163
20260510_162605,2026-05-10 16:30:46,29,7.1801,1,500,100,100,0,2,20,20,314,314,85,3963.731959,-8259.106204,3856.860358,2069.691371,314.000000,36.361621,261.695000,-14.731520,836.926448,-1132.297753,-8500.000000,-61.060000,0,32987,13895,18426,36,0.429428,0.569459,134.376228
20260510_162605,2026-05-10 16:30:54,30,7.6018,1,500,100,100,0,0,20,20,274,274,73,4112.505801,-7010.797004,3272.764923,1913.692885,274.000000,38.446497,280.750000,-15.359718,968.651333,-1196.039115,-7300.000000,-61.246000,0,36975,16306,19646,295,0.449858,0.542003,137.599307
20260510_162605,2026-05-10 16:31:00,31,6.4366,1,500,100,100,0,1,20,20,222,222,74,2750.114250,-7202.425020,2673.975133,1890.705835,222.000000,31.261229,233.850000,-9.030363,532.909212,-762.201098,-7400.000000,-51.214000,0,21336,9001,11841,22,0.431413,0.567533,137.070483
20260510_162605,2026-05-10 16:31:07,32,6.6526,1,500,100,100,0,2,20,20,276,276,84,4649.090809,-8186.253958,3288.273132,2037.829648,276.000000,32.303023,239.275000,-11.135011,618.018685,-892.707655,-8400.000000,-48.008000,0,24172,10389,13258,9,0.439170,0.560450,134.497919
20260510_162605,2026-05-10 16:31:14,33,7.1030,1,500,100,100,0,3,20,20,343,343,75,5217.052680,-7142.698474,3081.848713,1974.094123,343.000000,37.166550,268.805000,-11.259281,715.081167,-947.181910,-7500.000000,-48.310000,0,26963,11714,14432,148,0.445501,0.548870,138.714255
20260510_162605,2026-05-10 16:31:22,34,7.3059,1,500,100,100,0,4,20,20,400,400,78,5596.615737,-7441.219185,3059.784573,2016.567224,400.000000,37.528659,271.910000,-12.848432,849.954788,-1136.546200,-7800.000000,-51.218000,0,30416,13154,16557,32,0.442255,0.556669,136.317346
20260510_162605,2026-05-10 16:31:30,35,7.6760,1,500,100,100,0,4,20,20,393,393,77,4926.147403,-7261.604315,3300.457244,1989.948274,393.000000,39.541519,285.940000,-10.865679,647.044333,-864.946488,-7700.000000,-51.318000,0,24514,10499,13478,12,0.437659,0.561841,134.766727
20260510_162605,2026-05-10 16:31:39,36,8.6098,1,500,100,100,0,6,20,20,473,473,72,5449.828380,-6610.189115,2677.302783,1990.034053,473.000000,47.140752,346.750000,-13.052974,879.243462,-1074.142355,-7200.000000,-69.128000,0,31961,14290,16979,0,0.457002,0.542998,140.423668
20260510_162605,2026-05-10 16:31:47,37,8.5093,1,500,100,100,0,4,20,20,484,484,76,6286.157900,-7059.369488,3714.383573,2006.866075,484.000000,45.766451,332.725000,-13.245750,882.259977,-1122.741166,-7600.000000,-68.134000,0,32508,13946,17759,84,0.438705,0.558652,139.425764
20260510_162605,2026-05-10 16:31:57,38,9.6467,1,500,100,100,0,5,20,20,618,618,70,7198.492598,-6254.349544,3098.660808,1968.896954,618.000000,53.921689,387.170000,-17.811740,1122.833028,-1350.648521,-7000.000000,-67.814000,0,41661,18813,21822,151,0.461261,0.535037,137.756365
20260510_162605,2026-05-10 16:32:05,39,7.9834,1,500,100,100,0,3,20,20,345,345,78,6574.813859,-7441.728500,3487.841394,2020.450779,345.000000,41.578627,296.350000,-14.293840,920.250156,-1169.497443,-7800.000000,-61.116000,0,34984,15450,18749,1,0.451754,0.548216,139.196859
20260510_162605,2026-05-10 16:32:15,40,9.3120,1,500,100,100,0,5,20,20,351,351,56,4641.170495,-5031.099604,2883.204157,1754.618582,351.000000,51.116485,365.480000,-13.829144,877.147926,-995.330872,-5600.000000,-66.684000,0,33313,15148,17469,71,0.463412,0.534416,137.582007
20260510_162605,2026-05-10 16:32:22,41,7.2227,1,500,100,100,0,3,20,20,204,204,68,4828.786974,-6515.344998,2877.638001,1892.148228,204.000000,35.141041,258.120000,-9.589470,583.213755,-744.820323,-6800.000000,-41.410000,0,21320,9300,11500,0,0.447115,0.552885,134.254387
20260510_162605,2026-05-10 16:32:29,42,7.1998,1,500,100,100,0,3,20,20,272,272,71,6129.460016,-6804.522671,3075.557428,1873.778333,272.000000,33.822343,251.400000,-7.998025,470.586987,-678.143977,-7100.000000,-46.190000,0,19372,8318,10574,6,0.440152,0.559530,139.726647
20260510_162605,2026-05-10 16:32:37,43,7.3093,1,500,100,100,0,4,20,20,336,336,72,5959.269299,-6823.286062,2670.772112,1979.968322,336.000000,34.668966,256.050000,-9.712089,608.287154,-807.852093,-7200.000000,-40.728000,0,22388,9726,12142,2,0.444719,0.555190,135.551011
20260510_162605,2026-05-10 16:32:46,44,9.1826,1,500,100,100,0,1,20,20,350,350,58,3860.172299,-5281.622326,2667.919503,1767.332264,350.000000,48.954311,360.085000,-11.385024,698.597459,-862.158071,-5800.000000,-65.716000,0,27319,11781,14940,11,0.440708,0.558881,139.448702
20260510_162605,2026-05-10 16:32:55,45,9.0930,1,500,100,100,0,1,20,20,384,384,67,3510.125656,-6206.642851,2966.675839,1767.100669,384.000000,48.672862,358.905000,-15.604556,928.628785,-1142.546943,-6700.000000,-68.698000,0,36110,15912,19478,0,0.449619,0.550381,137.520633
20260510_163217,2026-05-10 16:33:03,0,45.8048,0,1,100,100,0,58,20,20,57,57,42,1333.174074,-3732.885527,2455.363126,1391.225948,57.000000,122.129435,785.365000,-66.068275,1005.758124,-1135.929810,-4200.000000,-301.140000,0,137137,65868,69244,1243,0.483063,0.507821,123.369925
20260510_162605,2026-05-10 16:33:05,46,8.8886,1,500,100,100,0,3,20,20,369,369,58,5967.307900,-5275.370290,3479.605721,1714.088202,369.000000,46.026896,351.060000,-9.156406,594.231334,-768.338115,-5800.000000,-58.194000,0,22034,9484,12038,1,0.440645,0.559309,139.890999
20260510_162605,2026-05-10 16:33:14,47,8.7713,1,500,100,100,0,1,20,20,324,324,62,4920.859862,-5760.225326,2677.120422,1808.670761,324.000000,46.123138,335.985000,-12.651793,746.097669,-931.515339,-6200.000000,-68.264000,0,30121,13817,15699,5,0.468040,0.531791,138.445124
20260510_162605,2026-05-10 16:33:22,48,8.0987,1,500,100,100,0,1,20,20,343,343,73,3405.523346,-6905.071263,2678.729944,1962.472646,343.000000,39.880466,297.825000,-12.546484,765.159820,-982.102066,-7300.000000,-56.288000,0,29826,13038,15948,214,0.446507,0.546164,136.975753
20260510_162605,2026-05-10 16:33:31,49,9.0172,1,500,100,100,0,2,20,20,369,369,67,5532.009527,-6165.266269,3288.342546,1916.560650,369.000000,46.169166,348.705000,-13.808266,873.898233,-1022.768402,-6700.000000,-66.462000,0,31996,14531,16842,0,0.463169,0.536831,136.300635
20260510_162605,2026-05-10 16:33:39,50,8.1531,1,500,100,100,0,2,20,20,313,313,63,5015.198652,-5897.596441,3485.021659,1768.947942,313.000000,41.393085,307.910000,-10.467001,685.074115,-876.432640,-6300.000000,-58.074000,0,25400,11417,13387,37,0.459603,0.538907,139.798905
20260510_163217,2026-05-10 16:33:46,1,42.8471,0,1,100,100,0,36,20,20,47,47,64,1454.855644,-6141.171617,3724.829600,1576.249595,47.000000,85.291350,567.240000,-32.885072,613.597649,-803.011544,-6400.000000,-218.404000,0,71419,30742,32311,8048,0.432371,0.454438,133.270963
20260510_162605,2026-05-10 16:33:47,51,7.1195,1,500,100,100,0,3,20,20,315,315,79,4123.101650,-7565.563293,3291.351794,2043.496370,315.000000,33.910008,257.365000,-12.043694,794.948147,-1010.344754,-7900.000000,-44.398000,0,28809,12942,15248,4,0.459034,0.540824,138.190569
20260510_162605,2026-05-10 16:33:55,52,8.5587,1,500,100,100,0,1,20,20,263,263,62,2215.195892,-5823.487161,3479.229358,1707.871374,263.000000,43.195736,316.080000,-12.908223,791.013218,-963.239891,-6200.000000,-60.628000,0,33396,14283,17782,687,0.436096,0.542929,141.968355
20260510_162605,2026-05-10 16:34:03,53,7.7908,1,500,100,100,0,0,20,20,301,301,71,2037.739684,-6757.940307,2908.273204,1920.515531,301.000000,34.878015,272.715000,-13.100243,831.309596,-1039.742675,-7100.000000,-45.000000,0,28959,13187,15174,0,0.464970,0.535030,132.657365
20260510_162605,2026-05-10 16:34:12,54,8.4483,1,500,100,100,0,5,20,20,336,336,73,4253.200370,-6920.204282,3074.580191,1915.181037,336.000000,42.760121,322.660000,-13.718858,832.222917,-1061.742462,-7300.000000,-78.386000,0,30793,13586,16584,6,0.450225,0.549576,133.863948
20260510_162605,2026-05-10 16:34:21,55,8.8985,1,500,100,100,0,2,20,20,323,323,57,4473.021618,-5212.250204,2871.624393,1685.317635,323.000000,45.989291,337.600000,-12.968784,797.498450,-923.797161,-5700.000000,-79.572000,0,30508,14094,15827,12,0.470852,0.528748,137.018158
20260510_162605,2026-05-10 16:34:29,56,7.9945,1,500,100,100,0,2,20,20,262,262,57,2603.766633,-5307.473627,2881.361893,1670.074915,262.000000,41.972884,325.495000,-9.264961,570.156929,-730.489479,-5700.000000,-67.344000,0,22177,9852,11764,67,0.454365,0.542545,139.427114
20260510_163217,2026-05-10 16:34:35,2,49.2764,0,1,100,100,0,57,20,20,74,74,43,1606.474841,-3749.050217,3242.432431,1401.862021,74.000000,121.875642,822.510000,-41.967798,592.455348,-701.223409,-4300.000000,-316.700000,0,87354,40953,45661,471,0.470265,0.524327,125.611958
20260510_162605,2026-05-10 16:34:38,57,8.4503,1,500,100,100,0,4,20,20,379,379,66,4472.856397,-6086.791000,2862.005025,1899.106651,379.000000,45.823000,335.780000,-12.668621,875.521450,-1039.832830,-6600.000000,-70.414000,0,30732,14051,15992,28,0.467261,0.531808,139.948757
20260510_163716,2026-05-10 16:37:58,0,41.9148,0,1,100,100,0,95,20,20,44,44,5,1531.636617,388.600087,1478.578378,945.088325,44.000000,179.910853,1187.525000,-64.698398,14.189679,-9.619047,-500.000000,-462.708000,0,145039,243,277,144442,0.001676,0.001911,127.976025
20260510_164552,2026-05-10 16:46:06,0,13.8088,1,500,100,100,0,1,20,20,215,215,64,2268.039632,-6127.560625,2460.327094,1634.395626,215.000000,36.253570,255.440000,-13.789177,715.726377,-868.859396,-6400.000000,-67.332000,0,30686,14096,16050,0,0.467591,0.532409,133.158401
20260510_164552,2026-05-10 16:46:13,1,6.6636,1,500,100,100,0,0,20,20,242,242,64,1657.261447,-6100.708808,2821.961137,1722.122638,242.000000,35.710291,266.665000,-13.492861,781.315699,-950.112936,-6400.000000,-62.794000,0,30337,13956,15843,2,0.468306,0.531626,129.458121
20260510_164552,2026-05-10 16:46:20,2,7.1597,1,500,100,100,0,1,20,20,233,233,71,2518.949634,-6776.600239,3149.724228,1788.545535,233.000000,39.951817,284.360000,-12.822325,861.880844,-1021.288575,-7100.000000,-61.682000,0,31183,14484,16044,0,0.474450,0.525550,139.450640
20260510_164552,2026-05-10 16:46:28,3,7.2153,1,500,100,100,0,1,20,20,247,247,67,3017.131284,-6415.242901,3103.465879,1724.484631,247.000000,37.282835,270.590000,-11.706044,705.307384,-896.027075,-6700.000000,-67.690000,0,27015,12075,14356,0,0.456850,0.543150,136.275873
20260510_164552,2026-05-10 16:46:34,4,6.3415,1,500,100,100,0,0,20,20,227,227,70,1394.199464,-6771.417131,3080.980631,1860.773707,227.000000,32.703130,234.860000,-11.839873,653.768207,-853.462595,-7000.000000,-54.446000,0,28147,12900,14484,239,0.467002,0.524346,135.722245
20260510_164552,2026-05-10 16:46:41,5,7.0927,1,500,100,100,0,1,20,20,232,232,64,2632.263378,-6083.566018,2478.776292,1776.445618,232.000000,40.027742,276.425000,-11.792257,777.930224,-926.118728,-6400.000000,-72.038000,0,30986,14213,16130,5,0.468334,0.531501,143.710131
20260510_164552,2026-05-10 16:46:49,6,7.1835,1,500,100,100,0,0,20,20,251,251,70,3271.270383,-6746.773441,3460.576298,1920.779062,251.000000,38.042587,278.770000,-11.089274,662.890027,-895.888781,-7000.000000,-70.498000,0,24983,11028,13458,6,0.450269,0.549486,133.860103
20260510_164552,2026-05-10 16:46:55,7,6.4220,1,500,100,100,0,0,20,20,261,261,80,2053.156675,-7775.940663,3038.639733,1992.556193,261.000000,34.233960,240.495000,-11.717468,716.761946,-962.068101,-8000.000000,-54.646000,0,26385,11356,14473,0,0.439661,0.560339,134.650550
20260510_164552,2026-05-10 16:47:02,8,6.2868,1,500,100,100,0,1,20,20,185,185,83,2195.415552,-8221.884674,2862.530546,2015.222193,185.000000,32.477434,223.980000,-13.234983,746.542308,-1043.931433,-8300.000000,-52.718000,0,30469,12852,17048,0,0.429833,0.570167,132.262778
20260510_164552,2026-05-10 16:47:08,9,6.0477,1,500,100,100,0,0,20,20,179,179,83,1439.956773,-8187.234310,2863.020329,1946.777633,179.000000,28.248884,205.555000,-10.808627,610.267932,-860.311500,-8300.000000,-39.186000,0,25812,11162,14116,5,0.441482,0.558320,135.131239
20260510_164552,2026-05-10 16:47:14,10,6.1914,1,500,100,100,0,0,20,20,184,184,66,1666.118098,-6391.219725,2861.864520,1844.010373,184.000000,31.785300,237.835000,-10.409816,661.575533,-856.531742,-6600.000000,-39.474000,0,23957,10642,12794,6,0.453972,0.545773,134.669632
20260510_164552,2026-05-10 16:47:21,11,6.3427,1,500,100,100,0,0,20,20,189,189,73,1706.073759,-7113.006259,3220.038573,1875.628408,189.000000,30.527584,237.200000,-12.218808,686.769188,-899.992224,-7300.000000,-44.292000,0,26665,11650,14524,1,0.445081,0.554881,130.987563
20260510_164552,2026-05-10 16:47:27,12,6.2118,1,500,100,100,0,1,20,20,184,184,83,2886.458703,-8187.438763,2866.247202,2026.597046,184.000000,29.918013,220.090000,-11.983702,693.114669,-963.019743,-8300.000000,-39.558000,0,26055,11170,14322,6,0.438074,0.561691,131.906186
20260510_164552,2026-05-10 16:47:35,13,7.5947,1,500,100,100,0,0,20,20,238,238,65,2170.806666,-6190.220978,2663.096418,1828.140997,238.000000,37.556125,288.685000,-11.593976,718.933502,-920.389629,-6500.000000,-41.412000,0,27015,12034,14437,0,0.454611,0.545389,137.180174
20260510_164552,2026-05-10 16:47:43,14,8.1055,1,500,100,100,0,1,20,20,318,318,57,3274.702227,-5217.833989,3065.811478,1739.711621,318.000000,42.450454,324.020000,-12.817886,886.275994,-1042.126551,-5700.000000,-33.636000,0,32445,14619,17200,0,0.459442,0.540558,140.770519
20260510_164552,2026-05-10 16:47:51,15,7.9544,1,500,100,100,0,1,20,20,276,276,58,2620.769101,-5396.858997,2968.145075,1714.971946,276.000000,41.852638,319.945000,-14.505669,942.799828,-1126.432794,-5800.000000,-36.518000,0,36681,16098,19838,4,0.447913,0.551976,141.505391
20260510_164552,2026-05-10 16:48:00,16,9.2758,1,500,100,100,0,6,20,20,420,420,59,5691.602970,-5241.565281,2478.701218,1821.624256,420.000000,54.239221,388.505000,-16.471337,1098.508429,-1228.010594,-5900.000000,-58.336000,0,39724,18320,20662,13,0.469804,0.529863,138.304068
20260510_164552,2026-05-10 16:48:09,17,8.9660,1,500,100,100,0,7,20,20,428,428,61,4922.448901,-5464.717691,2742.289429,1740.870732,428.000000,52.501883,375.615000,-11.621484,781.999042,-939.474133,-6100.000000,-51.738000,0,27623,12379,14662,0,0.457786,0.542214,138.052244
20260510_164552,2026-05-10 16:48:17,18,7.7103,1,500,100,100,0,2,20,20,270,270,61,3084.566253,-5753.677326,3470.167525,1748.324653,270.000000,41.051336,303.220000,-12.485317,801.795598,-997.234943,-6100.000000,-60.024000,0,30719,13629,16482,1,0.452610,0.547357,136.586311
20260510_164552,2026-05-10 16:48:25,19,7.8102,1,500,100,100,0,2,20,20,297,297,57,3763.360638,-5257.264676,2572.379041,1680.375670,297.000000,43.367293,314.455000,-11.693979,697.380939,-837.937928,-5700.000000,-59.836000,0,30208,14000,15636,1,0.472382,0.527584,141.516842
20260510_164552,2026-05-10 16:48:33,20,7.8682,1,500,100,100,0,4,20,20,314,314,66,3597.730216,-6189.986719,2877.003122,1889.521237,314.000000,41.393531,295.900000,-13.153132,871.443781,-1056.074899,-6600.000000,-43.496000,0,31884,14472,16787,0,0.462971,0.537029,138.369694
20260510_164552,2026-05-10 16:48:41,21,7.2771,1,500,100,100,0,1,20,20,303,303,76,3960.108125,-7248.663144,2689.230146,1922.912337,303.000000,39.061183,277.810000,-13.819770,758.179257,-968.329814,-7600.000000,-44.564000,0,32264,14411,17270,3,0.454835,0.545070,133.535685
20260510_164552,2026-05-10 16:48:50,22,9.3707,1,500,100,100,0,2,20,20,328,328,49,3518.846064,-4345.362859,2219.939243,1605.096853,328.000000,54.730071,382.760000,-16.522405,927.646298,-1054.452824,-4900.000000,-67.524000,0,41056,19063,21094,230,0.472008,0.522297,140.476128
20260510_164552,2026-05-10 16:48:59,23,8.7911,1,500,100,100,0,2,20,20,290,290,52,3420.077255,-4640.507876,3268.115643,1572.423692,290.000000,49.886525,361.580000,-12.307139,828.256869,-899.608132,-5200.000000,-58.316000,0,32267,14782,16781,47,0.467637,0.530876,143.776906
20260510_164552,2026-05-10 16:49:08,24,9.1134,1,500,100,100,0,2,20,20,283,283,48,3404.510501,-4252.852316,3881.524753,1702.855648,283.000000,51.788782,373.850000,-11.681263,711.583482,-781.675317,-4800.000000,-79.718000,0,28683,12988,15150,0,0.461582,0.538418,138.593780
20260510_164552,2026-05-10 16:49:50,25,41.7228,0,1,100,100,0,8,20,20,603,603,50,7526.775221,-4069.716488,2480.022980,1711.836739,603.000000,65.109234,454.490000,-14.343357,914.221310,-1011.401675,-5000.000000,-80.792000,0,35907,16263,18219,603,0.463531,0.519282,141.678187
20260510_164552,2026-05-10 16:50:32,26,41.7298,0,1,100,100,0,11,20,20,715,715,60,6130.942156,-5034.258829,3295.577410,1852.874399,715.000000,66.054798,453.585000,-17.359269,978.665004,-1146.962362,-6000.000000,-83.242000,0,37448,16984,19766,35,0.461710,0.537339,131.421136
20260510_165440,2026-05-10 16:54:52,0,11.4936,1,500,100,100,0,2,20,20,259,259,69,3126.872987,-6606.412992,2490.772661,1587.139785,259.000000,37.270991,255.840000,-11.796350,668.443635,-849.011267,-6900.000000,-66.160000,0,27520,12501,14494,0,0.463086,0.536914,138.085983
20260510_165440,2026-05-10 16:55:00,1,7.6204,1,500,100,100,0,1,20,20,308,308,63,4426.716412,-5970.468462,2237.033010,1591.819552,308.000000,41.639884,291.225000,-15.044683,793.880730,-1009.831393,-6300.000000,-80.338000,0,36226,16215,19435,1,0.454826,0.545146,137.560676
20260510_165440,2026-05-10 16:55:07,2,7.1171,1,500,100,100,0,1,20,20,264,264,60,2152.021891,-5656.004484,2492.653400,1541.533155,264.000000,37.804158,273.850000,-12.487671,687.950611,-833.739583,-6000.000000,-73.382000,0,30183,13637,15982,28,0.459979,0.539076,138.225107
20260510_165440,2026-05-10 16:55:15,3,8.5703,1,500,100,100,0,2,20,20,338,338,51,2922.275214,-4606.207915,2215.978782,1471.664132,338.000000,46.120688,345.855000,-14.046530,713.653672,-840.604745,-5100.000000,-95.186000,0,34781,16078,18150,7,0.469636,0.530159,139.551865
20260510_165440,2026-05-10 16:55:23,4,7.8101,1,500,100,100,0,2,20,20,325,325,66,3020.208543,-6211.007194,3043.822877,1710.850912,325.000000,41.942833,302.480000,-14.137878,845.111360,-1044.147510,-6600.000000,-67.256000,0,34325,15714,17953,34,0.466277,0.532714,137.895659
20260510_165440,2026-05-10 16:55:31,5,7.9741,1,500,100,100,0,1,20,20,329,329,62,3680.899858,-5728.521159,2992.257932,1640.033759,329.000000,45.296824,324.850000,-12.351470,745.988644,-879.507158,-6200.000000,-81.798000,0,31570,14965,15959,56,0.483054,0.515139,140.954962
20260510_165440,2026-05-10 16:55:39,6,6.9807,1,500,100,100,0,1,20,20,310,310,74,3701.957444,-7061.365788,3838.622933,1797.142466,310.000000,36.673948,265.285000,-12.004079,687.094865,-873.289521,-7400.000000,-75.126000,0,27037,11986,14555,5,0.451518,0.548294,129.881451
20260510_165440,2026-05-10 16:55:45,7,6.7209,1,500,100,100,0,0,20,20,280,280,74,1378.746872,-7091.689190,3254.707022,1824.732937,280.000000,33.666436,244.590000,-11.866475,707.794469,-881.191620,-7400.000000,-64.682000,0,26227,11616,14107,2,0.451545,0.548377,131.751434
20260510_165440,2026-05-10 16:55:52,8,6.9825,1,500,100,100,0,0,20,20,283,283,79,2123.942896,-7651.235670,3050.680625,1888.557661,283.000000,36.067624,259.630000,-12.845221,829.652237,-1074.734311,-7900.000000,-72.006000,0,29118,12687,15796,1,0.445408,0.554557,134.507418
20260510_165440,2026-05-10 16:55:59,9,6.6396,1,500,100,100,0,0,20,20,251,251,77,4190.445307,-7453.963960,2860.091825,1899.808646,251.000000,32.305113,231.530000,-9.378000,626.788811,-833.397884,-7700.000000,-52.812000,0,22052,9891,11619,0,0.459833,0.540167,135.749626
20260510_165440,2026-05-10 16:56:07,10,7.3801,1,500,100,100,0,0,20,20,291,291,73,2407.250384,-6957.131516,3091.973224,1874.123547,291.000000,39.135231,274.020000,-14.924625,910.524110,-1095.618233,-7300.000000,-61.268000,0,33955,15233,18105,0,0.456926,0.543074,134.739072
20260510_165440,2026-05-10 16:56:15,11,8.3390,1,500,100,100,0,1,20,20,394,394,78,3799.294342,-7386.210010,3283.189947,1931.897554,394.000000,45.913588,321.365000,-15.546276,952.086928,-1213.889250,-7800.000000,-70.140000,0,35825,15962,19176,6,0.454188,0.545641,135.318223
20260510_165440,2026-05-10 16:56:22,12,7.0568,1,500,100,100,0,1,20,20,277,277,74,3016.126566,-7142.168456,4485.016166,1863.031663,277.000000,37.337626,265.110000,-11.891640,691.387290,-943.059732,-7400.000000,-58.052000,0,27408,11513,15309,13,0.429029,0.570486,133.991009
20260510_165440,2026-05-10 16:56:31,13,8.8306,1,500,100,100,0,4,20,20,314,314,65,3024.290127,-6076.535790,2841.748991,1827.363219,314.000000,49.249630,348.760000,-16.224318,1004.459915,-1187.063017,-6500.000000,-89.718000,0,38804,17636,20412,35,0.463094,0.535987,138.422570
20260510_165440,2026-05-10 16:56:41,14,9.4378,1,500,100,100,0,2,20,20,349,349,56,3443.926010,-5096.598064,2877.059483,1703.394318,349.000000,49.400050,370.130000,-13.063871,875.027224,-1033.209467,-5600.000000,-93.882000,0,32273,14459,17127,4,0.457708,0.542165,140.520098
20260510_165440,2026-05-10 16:56:51,15,9.7391,1,500,100,100,0,5,20,20,430,430,49,3755.282886,-4227.806974,3278.865017,1650.923363,430.000000,57.187068,415.075000,-14.346480,1041.260988,-1149.987550,-4900.000000,-106.996000,0,36103,16893,18430,0,0.478244,0.521756,140.206849
20260510_165440,2026-05-10 16:57:00,16,8.8640,1,500,100,100,0,4,20,20,410,410,66,5328.036721,-6066.684674,2497.664423,1845.150625,410.000000,53.597643,372.285000,-15.237267,1040.432713,-1238.106763,-6600.000000,-89.656000,0,37205,16868,19511,36,0.463216,0.535796,139.230126
20260510_165440,2026-05-10 16:57:08,17,7.9951,1,500,100,100,0,1,20,20,364,364,71,2178.334063,-6660.483123,2870.725518,1971.312260,364.000000,43.766370,313.420000,-13.660909,903.123269,-1103.163852,-7100.000000,-67.968000,0,31953,14753,16556,1,0.471191,0.528777,136.383798
20260510_165440,2026-05-10 16:57:17,18,9.0710,1,500,100,100,0,4,20,20,313,313,66,3253.789101,-6193.130788,2879.677687,1890.071642,313.000000,48.951968,357.470000,-16.024417,1156.341547,-1370.019887,-6600.000000,-82.850000,0,38836,17812,20144,34,0.468860,0.530245,139.058004
20260510_165440,2026-05-10 16:57:59,19,41.5099,0,1,100,100,0,4,20,20,353,353,65,2895.548952,-6049.668472,2682.018073,1870.424781,353.000000,47.083657,333.745000,-16.189830,1123.846042,-1310.749341,-6500.000000,-80.404000,0,39042,17863,20336,12,0.467483,0.532203,138.073572
20260510_165440,2026-05-10 16:58:40,20,41.4485,0,1,100,100,0,2,20,20,417,417,82,2956.560442,-7765.661759,2694.044608,2085.091020,417.000000,47.791212,339.255000,-17.500745,1238.881968,-1518.511195,-8200.000000,-72.578000,0,41115,18415,21846,0,0.457391,0.542609,137.080043
20260510_165440,2026-05-10 16:59:22,21,41.6336,0,1,100,100,0,3,20,20,340,340,57,3582.893001,-5193.377364,2871.303582,1784.039753,340.000000,47.690949,361.125000,-15.199203,1005.140576,-1164.996687,-5700.000000,-67.138000,0,36950,17121,19067,27,0.472760,0.526495,139.215383
20260510_165440,2026-05-10 17:00:04,22,41.4201,0,1,100,100,0,4,20,20,453,453,63,3451.652035,-5714.618589,3088.235633,1815.800451,453.000000,50.490495,356.335000,-13.705359,955.342062,-1135.792787,-6300.000000,-80.288000,0,33988,15305,17946,11,0.460135,0.539535,141.613055
20260510_165440,2026-05-10 17:00:45,23,41.4588,0,1,100,100,0,1,20,20,293,293,78,2451.100970,-7532.169249,3287.869664,1972.651949,293.000000,39.066083,267.595000,-11.734530,705.604984,-972.210786,-7800.000000,-53.490000,0,28008,11927,15327,161,0.435054,0.559073,138.413619
20260510_170435,2026-05-10 17:04:45,0,10.6756,1,500,100,100,0,1,20,20,342,342,53,2364.436143,-4845.947266,2207.587788,1465.582514,342.000000,46.383018,333.610000,-15.458210,817.407515,-982.431590,-5300.000000,-87.458000,0,37553,17595,19331,0,0.476494,0.523506,136.005294
20260510_170435,2026-05-10 17:04:54,1,8.1602,1,500,100,100,0,1,20,20,292,292,65,2291.560658,-6144.371655,3078.314462,1642.127884,292.000000,44.176477,309.820000,-17.577808,978.196459,-1164.392782,-6500.000000,-86.594000,0,41374,19074,21664,0,0.468211,0.531789,133.117008
20260510_170435,2026-05-10 17:05:01,2,7.5356,1,500,100,100,0,2,20,20,302,302,70,2785.553686,-6686.140593,2865.988707,1721.390018,302.000000,40.893460,292.995000,-14.835472,834.602239,-1062.341821,-7000.000000,-79.454000,0,33983,15207,18194,0,0.455286,0.544714,135.891933
20260510_170435,2026-05-10 17:05:08,3,6.4280,1,500,100,100,0,0,20,20,204,204,71,1676.543896,-6911.136690,3384.194741,1790.730123,204.000000,32.577995,234.875000,-12.883482,715.934071,-919.126274,-7100.000000,-66.514000,0,30107,13413,16110,10,0.454170,0.545491,136.936815
20260510_170435,2026-05-10 17:05:16,4,7.8014,1,500,100,100,0,2,20,20,282,282,67,2521.004409,-6315.415946,2634.381660,1749.243666,282.000000,44.093287,307.505000,-14.804251,932.883603,-1088.179585,-6700.000000,-78.914000,0,34986,16441,17911,0,0.478604,0.521396,137.263375
20260510_170435,2026-05-10 17:05:24,5,7.5757,1,500,100,100,0,1,20,20,246,246,62,4150.544910,-5884.392216,3090.504343,1717.128361,246.000000,39.647425,293.115000,-12.291397,741.606560,-925.163804,-6200.000000,-67.306000,0,27393,12222,14597,4,0.455654,0.544197,132.508656
20260510_170435,2026-05-10 17:05:31,6,7.3458,1,500,100,100,0,1,20,20,239,239,66,3477.031654,-6254.301194,3023.053887,1824.031102,239.000000,38.801642,279.005000,-11.672315,766.895303,-906.216824,-6600.000000,-60.114000,0,27977,12794,14663,6,0.465863,0.533918,137.826801
20260510_170435,2026-05-10 17:05:40,7,8.5206,1,500,100,100,0,2,20,20,309,309,55,3305.620876,-5022.078484,2882.477344,1718.858932,309.000000,47.464090,356.205000,-12.790337,884.602874,-1035.332111,-5500.000000,-71.228000,0,31925,14632,16511,49,0.469095,0.529334,138.900271
20260510_170435,2026-05-10 17:05:48,8,8.6421,1,500,100,100,0,3,20,20,347,347,65,3071.669131,-6078.958559,2688.204616,1865.530453,347.000000,48.882783,356.875000,-14.258038,940.377082,-1180.395387,-6500.000000,-77.440000,0,34528,14982,18771,78,0.442848,0.554846,139.125560
20260510_170435,2026-05-10 17:05:56,9,7.2241,1,500,100,100,0,3,20,20,304,304,67,3684.044109,-6323.314889,3218.761302,1888.855120,304.000000,40.923854,285.770000,-12.521148,738.021794,-913.251389,-6700.000000,-66.258000,0,28331,12887,14850,25,0.464196,0.534904,133.940950
20260510_170435,2026-05-10 17:06:04,10,7.7494,1,500,100,100,0,2,20,20,318,318,69,4026.069258,-6554.956051,2888.691892,1869.488054,318.000000,41.076794,303.935000,-13.581373,828.363484,-1060.447956,-6900.000000,-72.302000,0,30979,13563,16806,4,0.446548,0.553320,133.778859
20260510_170435,2026-05-10 17:06:45,11,41.5394,0,1,100,100,0,1,20,20,241,241,69,3355.208368,-6577.206466,2880.188909,1812.117350,241.000000,39.025796,281.770000,-10.012156,635.291920,-795.782027,-6900.000000,-68.500000,0,25979,11042,14317,1,0.435410,0.564550,142.667710
20260510_170435,2026-05-10 17:06:54,12,8.8298,1,500,100,100,0,0,20,20,243,243,60,2636.111531,-5679.925312,2467.323288,1812.116104,243.000000,39.351506,291.080000,-9.766110,591.835536,-773.952244,-6000.000000,-61.474000,0,22472,9404,12506,29,0.428643,0.570035,137.973285
20260510_170435,2026-05-10 17:07:03,13,9.0876,1,500,100,100,0,2,20,20,402,402,59,4110.032896,-5310.467371,2877.288717,1784.090562,402.000000,50.539864,378.215000,-12.526941,855.714342,-1013.557636,-5900.000000,-70.852000,0,30999,14080,16257,16,0.463875,0.535598,138.200157
20260510_170435,2026-05-10 17:07:14,14,10.2433,1,500,100,100,0,9,20,20,487,487,64,4261.402878,-5707.018496,3019.382563,1877.116889,487.000000,60.790624,435.110000,-12.657702,854.126932,-1040.938350,-6400.000000,-90.450000,0,31650,14384,16515,102,0.463985,0.532725,141.658841
20260510_170435,2026-05-10 17:07:22,15,8.3592,1,500,100,100,0,1,20,20,301,301,62,3454.221468,-5745.267666,3251.904532,1725.933518,301.000000,44.678704,335.750000,-13.683007,931.904689,-1077.400051,-6200.000000,-67.518000,0,35554,16057,18764,12,0.460971,0.538685,141.445486
20260510_170435,2026-05-10 17:07:29,16,6.8232,1,500,100,100,0,0,20,20,245,245,75,3273.564110,-7271.989839,2859.083141,1940.587235,245.000000,35.005686,260.905000,-10.273025,639.969882,-872.433382,-7500.000000,-70.164000,0,24747,10689,13493,23,0.441603,0.557447,137.938833
20260510_170435,2026-05-10 17:07:38,17,8.8083,1,500,100,100,0,1,20,20,274,274,54,3496.206632,-4954.363106,3598.228498,1710.495712,274.000000,48.374215,351.400000,-12.308680,765.825140,-897.381782,-5400.000000,-84.272000,0,31453,14138,16649,7,0.459115,0.540657,139.455385
20260510_170435,2026-05-10 17:07:46,18,8.0534,1,500,100,100,0,2,20,20,255,255,60,3079.187108,-5635.543576,2649.243746,1775.928949,255.000000,38.516885,303.975000,-9.730668,604.743042,-770.991836,-6000.000000,-57.056000,0,25016,10569,13069,804,0.432411,0.534694,141.323679
20260510_170435,2026-05-10 17:07:56,19,9.1014,1,500,100,100,0,1,20,20,326,326,59,3024.381081,-5348.043725,2481.751880,1759.398986,326.000000,49.571463,366.795000,-12.428736,823.429811,-940.397262,-5900.000000,-61.014000,0,29609,13570,15414,10,0.468028,0.531627,138.010686
20260510_170435,2026-05-10 17:08:04,20,8.3146,1,500,100,100,0,3,20,20,389,389,64,4074.347869,-5866.133738,3275.303569,1896.063572,389.000000,46.933305,340.245000,-12.220801,822.779862,-992.637103,-6400.000000,-60.234000,0,30368,13336,16323,9,0.449508,0.550189,141.300064
20260510_170435,2026-05-10 17:08:46,21,41.6010,0,1,100,100,0,4,20,20,347,347,72,5073.976001,-6770.861079,2661.816968,1957.038217,347.000000,41.668794,290.250000,-10.353868,701.463565,-887.465569,-7200.000000,-53.424000,0,25895,11042,14205,21,0.436995,0.562174,139.248870
20260510_170435,2026-05-10 17:09:28,22,41.8019,0,1,100,100,0,4,20,20,358,358,56,4233.452686,-5029.619052,3286.347033,1716.439273,358.000000,51.589636,380.350000,-9.958520,660.574800,-804.190968,-5600.000000,-65.984000,0,25931,11345,13950,21,0.448136,0.551035,143.282575
20260510_171523,2026-05-10 17:15:35,0,11.5794,1,500,100,100,0,0,20,20,254,254,73,1195.858883,-7071.527398,2407.678009,1658.234441,254.000000,32.812606,228.810000,-11.827045,660.067196,-870.848155,-7300.000000,-64.542000,0,28162,12683,14978,0,0.458516,0.541484,139.460100
20260510_171523,2026-05-10 17:15:41,1,6.1691,1,500,101,100,1,0,20,20,242,239,72,1716.769395,-6893.668507,3679.070032,1802.311967,239.000000,32.372485,236.690000,-9.015806,438.564700,-647.746315,-7100.000000,-64.016000,0,20853,9262,11201,5,0.452511,0.547244,133.460440
20260510_171523,2026-05-10 17:15:48,2,6.7407,1,500,102,100,2,1,20,20,287,271,79,4112.641719,-7470.911242,3199.067031,1915.558667,271.000000,33.964538,245.200000,-13.169510,765.712750,-1011.440954,-7700.000000,-60.604000,0,30258,13544,16154,2,0.456027,0.543906,131.447061
20260510_171523,2026-05-10 17:15:55,3,6.2044,1,500,103,100,3,0,20,20,303,296,88,2245.536726,-8230.853157,3721.580032,1979.634687,296.000000,31.221076,220.985000,-12.359370,676.618136,-908.655890,-8500.000000,-54.338000,0,27818,12080,15262,1,0.441795,0.558168,132.825951
20260510_171523,2026-05-10 17:16:36,4,41.4593,0,1,104,100,4,0,20,20,242,234,91,3427.989410,-8538.067753,3064.341394,2029.242621,234.000000,26.916063,201.520000,-11.231322,587.608297,-880.049983,-8900.000000,-48.734000,0,23653,9977,13222,0,0.430062,0.569938,128.516604
20260510_171523,2026-05-10 17:17:15,5,38.7776,1,500,105,100,5,1,20,20,279,271,82,2559.630922,-7429.251822,4680.793556,1890.823734,271.000000,34.838544,246.325000,-13.083207,754.510356,-952.171882,-7900.000000,-62.114000,0,30558,13600,16496,0,0.451887,0.548113,133.889526
20260510_171523,2026-05-10 17:17:21,6,5.9707,1,500,105,100,5,0,20,20,224,208,86,5158.831306,-7950.864002,3263.501892,2068.146548,208.000000,29.369179,203.605000,-13.071788,759.391417,-1005.978166,-8200.000000,-49.994000,0,30820,13476,16793,1,0.445193,0.554774,131.638695
20260510_171523,2026-05-10 17:17:27,7,6.0946,1,500,105,100,5,0,20,20,253,245,86,3058.580683,-7883.290301,3612.795870,2058.111434,245.000000,29.063846,209.840000,-14.028071,768.953808,-998.243094,-8300.000000,-49.202000,0,33947,15032,18338,12,0.450303,0.549338,132.640938
20260510_171523,2026-05-10 17:17:34,8,6.1530,1,500,105,100,5,0,20,20,241,210,79,5356.584292,-7160.370249,4023.394273,1944.094637,210.000000,31.709970,225.755000,-9.208162,512.022079,-697.374518,-7500.000000,-53.040000,0,21481,9169,11871,6,0.435665,0.564050,132.247321
20260510_171523,2026-05-10 17:17:41,9,6.9147,1,500,105,100,5,1,20,20,279,254,86,5842.062542,-7808.796103,4594.672044,1956.628411,254.000000,33.539823,231.415000,-12.814324,676.313844,-898.377304,-8200.000000,-49.636000,0,29630,13006,16057,11,0.447341,0.552280,131.144303
20260510_171523,2026-05-10 17:17:47,10,6.8479,1,500,105,100,5,0,20,20,246,228,73,3142.262978,-6573.868491,3234.341715,1811.570518,228.000000,33.331213,246.470000,-11.071603,566.947528,-776.394571,-7100.000000,-47.012000,0,27963,11958,15502,1,0.435454,0.564510,130.166332
20260510_171523,2026-05-10 17:17:54,11,6.2667,1,500,105,100,5,0,20,20,223,213,82,2847.407631,-7483.776148,3239.022617,1927.622321,213.000000,30.350225,223.095000,-10.441230,537.456322,-758.993357,-7800.000000,-37.566000,0,25030,10759,13766,15,0.438427,0.560962,133.462347
20260510_171523,2026-05-10 17:18:01,12,7.3637,1,500,105,100,5,3,20,20,321,301,66,4641.901757,-5734.976814,3162.092061,1741.293658,301.000000,37.320912,276.240000,-9.843134,583.956969,-731.330372,-6400.000000,-54.618000,0,25427,11524,13362,19,0.462718,0.536519,137.949646
20260510_171523,2026-05-10 17:18:09,13,7.1629,1,500,105,100,5,1,20,20,304,284,81,7502.098872,-7259.245193,3052.566825,1886.982039,284.000000,35.313268,254.765000,-12.180691,728.415694,-961.441157,-7700.000000,-44.590000,0,30289,13477,16180,31,0.453954,0.545001,137.359477
20260510_171523,2026-05-10 17:18:17,14,7.9606,1,500,105,100,5,1,20,20,310,281,67,5877.095283,-5843.534236,3035.744001,1850.118833,281.000000,36.761052,298.280000,-11.962347,748.752667,-948.700057,-6500.000000,-54.702000,0,29373,13088,15654,24,0.454982,0.544184,137.106622
20260510_171523,2026-05-10 17:18:24,15,7.5022,1,500,105,100,5,1,20,20,323,286,87,3533.058148,-7830.354719,3070.468335,2008.724167,286.000000,37.398939,270.475000,-12.282689,669.811391,-937.731315,-8300.000000,-44.876000,0,30811,13265,16947,14,0.438861,0.560676,135.047455
20260510_171523,2026-05-10 17:18:31,16,6.7955,1,500,105,100,5,2,20,20,298,286,92,4153.618737,-8362.644518,3343.673224,2061.278381,286.000000,34.768378,245.850000,-13.156376,773.050507,-1046.932160,-8700.000000,-36.548000,0,30117,12959,16521,53,0.438797,0.559408,132.789251
20260510_171523,2026-05-10 17:18:39,17,7.0821,1,500,105,100,5,0,20,20,256,237,82,5111.772869,-7398.432427,2744.114888,1915.889282,237.000000,32.065095,247.100000,-12.679119,696.596525,-938.825125,-7800.000000,-38.048000,0,29701,12838,16248,24,0.441017,0.558159,133.696010
20260510_171523,2026-05-10 17:18:48,18,9.3664,1,500,105,100,5,0,20,20,358,325,56,6699.515553,-4603.339253,2726.363538,1563.939662,325.000000,47.151982,344.425000,-14.635908,799.963407,-934.071016,-5400.000000,-53.872000,0,38619,17613,20253,93,0.464001,0.533549,139.415832
20260510_171523,2026-05-10 17:18:56,19,7.4225,1,500,105,100,5,1,20,20,263,240,78,7130.674018,-6949.475460,3282.990210,1858.904229,240.000000,33.782976,246.355000,-11.296522,586.336260,-785.271410,-7600.000000,-42.716000,0,30216,13551,16052,28,0.457325,0.541730,135.404234
20260510_171523,2026-05-10 17:19:04,20,8.5715,1,500,105,100,5,1,20,20,319,281,73,7775.299054,-6362.352115,3073.187286,1879.024150,281.000000,44.116941,307.435000,-14.298468,799.209542,-1000.924205,-7100.000000,-52.038000,0,35289,15941,18661,27,0.460337,0.538884,136.945620
20260510_171523,2026-05-10 17:19:11,21,6.6918,1,500,105,100,5,2,20,20,258,233,83,8243.662111,-7435.814138,3257.334697,1909.065848,233.000000,34.161913,239.590000,-11.164271,631.429115,-819.350780,-7900.000000,-38.964000,0,25617,11054,14032,10,0.440469,0.559133,133.955427
20260510_171523,2026-05-10 17:19:19,22,7.6423,1,500,105,100,5,1,20,20,271,241,79,7166.510776,-7042.019226,3481.017176,1913.698182,241.000000,36.864873,263.040000,-11.320168,670.582228,-882.750426,-7500.000000,-40.214000,0,29386,12682,16014,68,0.440898,0.556738,135.579633
20260510_171523,2026-05-10 17:19:28,23,8.9741,1,500,105,100,5,5,20,20,470,393,72,10380.527513,-6106.634877,2883.499301,1905.404030,393.000000,46.519464,332.545000,-15.200472,913.274371,-1134.434322,-7000.000000,-48.770000,0,39610,18007,20821,4,0.463715,0.536181,139.066420
20260510_171523,2026-05-10 17:19:37,24,8.7690,1,500,105,100,5,2,20,20,360,333,73,6382.032147,-6296.793656,3275.104007,1927.897719,333.000000,45.603367,333.920000,-14.521485,901.951970,-1087.851558,-6900.000000,-42.942000,0,36340,16189,19455,14,0.454008,0.545600,136.977737
20260510_171523,2026-05-10 17:19:45,25,7.6710,1,500,105,100,5,4,20,20,298,243,77,7530.908308,-6789.035177,3230.085997,2002.099959,243.000000,34.154892,242.525000,-12.208216,720.459059,-918.023604,-7600.000000,-36.234000,0,29812,13404,15811,8,0.458680,0.541046,133.975417
20260510_171523,2026-05-10 17:19:53,26,8.3191,1,500,105,100,5,0,20,20,280,241,72,2038.780814,-6351.864257,2675.583904,1950.467780,241.000000,40.961030,287.770000,-14.205484,818.770278,-1044.884099,-6700.000000,-47.498000,0,35437,15807,18908,2,0.455310,0.544632,137.253350
20260510_171523,2026-05-10 17:20:00,27,6.9328,1,500,105,100,5,2,20,20,224,194,76,6871.329968,-6833.181677,3674.695761,1936.744577,194.000000,32.319615,228.060000,-8.962946,494.808391,-717.751448,-7300.000000,-33.752000,0,23016,9850,12659,21,0.437195,0.561873,136.927849
20260510_171523,2026-05-10 17:20:08,28,7.8537,1,500,105,100,5,2,20,20,310,288,77,4102.260708,-6846.728155,2998.636994,1966.336318,288.000000,38.278243,279.430000,-15.696624,972.652581,-1237.872255,-7300.000000,-32.576000,0,38041,17272,19999,5,0.463354,0.536511,134.496586
20260510_171523,2026-05-10 17:20:16,29,7.2865,1,500,105,100,5,0,20,20,217,190,71,5337.973234,-6316.156693,2665.018468,1843.313253,190.000000,32.620391,246.515000,-10.797016,651.573545,-843.268279,-6800.000000,-39.724000,0,27112,12209,14326,15,0.459849,0.539586,139.090828
20260510_171523,2026-05-10 17:20:24,30,8.0780,1,500,105,100,5,2,20,20,248,238,63,5220.069225,-5459.885827,2653.466127,1733.642191,238.000000,42.154162,309.195000,-14.500999,839.091203,-994.822922,-6000.000000,-48.084000,0,34339,15360,18353,15,0.455408,0.544147,132.792916
20260510_171523,2026-05-10 17:20:32,31,7.6693,1,500,105,100,5,2,20,20,306,257,75,7614.790723,-6551.604687,2664.313660,1879.338611,257.000000,36.602954,265.135000,-13.225547,842.465187,-999.335381,-7300.000000,-41.910000,0,35341,16052,18481,13,0.464656,0.534968,137.876709
20260510_171523,2026-05-10 17:20:40,32,8.3399,1,500,105,100,5,0,20,20,275,226,68,6724.787691,-5957.236722,3284.382846,1862.562584,226.000000,37.653368,290.210000,-12.484977,702.689655,-917.153753,-6600.000000,-52.052000,0,31025,13379,17031,10,0.439809,0.559862,135.355301
20260510_171523,2026-05-10 17:20:49,33,8.3345,1,500,105,100,5,4,20,20,381,324,78,8648.099516,-6755.241296,2876.095582,1912.794648,324.000000,42.976980,290.825000,-15.526527,843.149862,-1038.021017,-7600.000000,-47.704000,0,37620,16477,20400,40,0.446326,0.552591,135.403339
20260510_171523,2026-05-10 17:20:58,34,9.3284,1,500,105,100,5,5,20,20,441,372,71,8040.117794,-5983.925002,2679.373604,1857.366554,372.000000,50.307126,350.005000,-15.176822,942.805906,-1150.967972,-6900.000000,-51.438000,0,39174,18090,20251,100,0.470591,0.526807,138.423899
20260510_171523,2026-05-10 17:21:07,35,8.3060,1,500,105,100,5,4,20,20,447,412,69,7874.964967,-5833.545264,3288.313242,1897.828573,412.000000,44.082718,306.885000,-14.217091,878.453694,-1064.675031,-6600.000000,-53.440000,0,35529,16465,18354,23,0.472562,0.526778,135.980658
20260510_171523,2026-05-10 17:21:16,36,8.6719,1,500,105,100,5,6,20,20,504,427,71,11994.779065,-5929.322517,3064.726762,1965.420705,427.000000,47.041071,325.815000,-14.981550,915.302656,-1105.798720,-6900.000000,-68.334000,0,38155,17068,20347,8,0.456083,0.543703,136.969517
20260510_171523,2026-05-10 17:21:24,37,8.3745,1,500,105,100,5,9,20,20,557,489,85,6236.490342,-7280.663279,2897.013844,2079.902523,489.000000,43.798722,312.970000,-13.846907,888.507529,-1149.024624,-8000.000000,-44.278000,0,36657,16188,19702,0,0.451045,0.548955,137.474438
20260510_171523,2026-05-10 17:21:33,38,8.2499,1,500,105,100,5,5,20,20,493,399,80,11376.959546,-6820.568798,2959.137095,1983.073814,399.000000,41.966567,297.840000,-14.208140,909.926278,-1142.800655,-7600.000000,-47.046000,0,37597,16814,19987,0,0.456890,0.543110,137.416804
20260510_171523,2026-05-10 17:21:42,39,9.0751,1,500,105,100,5,5,20,20,499,410,68,10167.505083,-5592.423176,3068.620034,1839.475271,410.000000,44.343263,324.685000,-14.046969,833.337366,-1030.018391,-6600.000000,-50.976000,0,34292,15598,18036,5,0.463688,0.536163,135.555533
20260510_171523,2026-05-10 17:21:50,40,8.2913,1,500,105,100,5,3,20,20,347,293,76,10208.846712,-6613.141932,3099.140768,1915.788757,293.000000,37.147345,274.225000,-13.310936,785.174476,-1036.035302,-7200.000000,-47.062000,0,35254,15259,19274,34,0.441433,0.557584,139.311466
20260510_171523,2026-05-10 17:22:01,41,10.1818,1,500,105,100,5,3,20,20,423,380,61,7965.476294,-4936.570668,2492.590946,1710.371549,380.000000,50.024799,380.950000,-13.257328,824.701289,-995.008350,-5800.000000,-58.138000,0,37480,17343,18943,427,0.472394,0.515975,145.843745
20260510_171523,2026-05-10 17:22:10,42,9.2441,1,500,105,100,5,9,20,20,577,512,77,10508.367877,-6408.498249,2872.687686,1972.918905,512.000000,45.741979,342.995000,-13.747866,831.959099,-1094.447328,-7500.000000,-43.600000,0,35946,15760,19415,20,0.447791,0.551641,138.459683
20260510_171523,2026-05-10 17:22:18,43,7.7790,1,500,105,100,5,3,20,20,429,333,82,11849.418609,-7080.218868,3893.925780,2024.785699,333.000000,34.377939,263.675000,-11.511172,673.029159,-923.670955,-8000.000000,-38.990000,0,30192,13413,16101,0,0.454462,0.545538,137.238181
20260510_171523,2026-05-10 17:22:29,44,10.3379,1,500,105,100,5,5,20,20,444,360,61,11525.003498,-4920.609379,3080.451537,1822.079240,360.000000,47.985676,354.055000,-14.426790,929.365864,-1093.631728,-5700.000000,-63.658000,0,37430,16974,19695,0,0.462898,0.537102,139.118888
20260510_171523,2026-05-10 17:22:37,45,8.6220,1,500,105,100,5,2,20,20,414,316,73,13400.919711,-6192.021366,3690.729491,1901.378051,316.000000,38.043112,298.155000,-11.962998,775.430918,-1003.910892,-7000.000000,-45.486000,0,34077,15095,18227,1,0.452990,0.546980,141.147013
20260510_171523,2026-05-10 17:22:45,46,7.9648,1,500,105,100,5,1,20,20,245,197,71,9406.336253,-6198.287355,3074.925885,1923.722237,197.000000,36.499786,274.140000,-11.927308,670.158423,-881.524559,-6700.000000,-49.820000,0,30794,13728,16489,3,0.454269,0.545632,135.710986
20260510_171523,2026-05-10 17:22:54,47,8.1858,1,500,105,100,5,3,20,20,394,256,77,12163.057104,-6639.844000,2874.328628,1952.966011,256.000000,37.965811,268.185000,-13.937105,721.433067,-984.200618,-7500.000000,-52.430000,0,38137,16268,21139,10,0.434776,0.564957,136.991905
20260510_171523,2026-05-10 17:23:03,48,9.0673,1,500,105,100,5,6,20,20,443,358,67,11915.043398,-5512.641597,2663.285953,1890.767522,358.000000,49.200816,339.295000,-15.035037,913.697260,-1077.081974,-6400.000000,-69.846000,0,39526,18265,20493,4,0.471209,0.528688,137.377826
20260510_171523,2026-05-10 17:23:12,49,8.3568,1,500,105,100,5,5,20,20,394,333,74,10886.844860,-6278.591788,3079.631382,1949.270153,333.000000,41.371840,303.030000,-13.190295,790.563567,-984.061291,-7100.000000,-54.538000,0,34247,14900,18650,35,0.443650,0.555307,135.094997
20260510_171523,2026-05-10 17:23:22,50,10.4627,1,500,105,100,5,11,20,20,614,528,49,11354.281893,-3458.524017,3075.658418,1721.255624,528.000000,58.870112,422.705000,-11.442666,784.765747,-869.017024,-4700.000000,-76.854000,0,31784,14657,16209,218,0.471529,0.521458,141.889730
20260510_171523,2026-05-10 17:23:31,51,8.4454,1,500,105,100,5,11,20,20,608,473,66,12007.775398,-5216.244282,3658.573875,1900.366517,473.000000,40.973565,317.565000,-11.504138,716.162083,-859.026392,-6500.000000,-45.526000,0,28613,12162,15846,4,0.434171,0.565686,137.415569
20260510_171523,2026-05-10 17:23:40,52,9.2334,1,500,105,100,5,8,20,20,766,605,67,13355.835096,-5139.299875,2853.687912,1864.836738,605.000000,46.961310,362.155000,-13.993735,1047.533240,-1207.525457,-6400.000000,-57.978000,0,38905,17848,19955,160,0.470142,0.525643,141.314648
20260510_171523,2026-05-10 17:23:51,53,11.0301,1,500,105,100,5,12,20,20,882,773,62,13921.975322,-4472.040434,3081.617035,1809.043201,773.000000,57.983293,437.840000,-16.759732,1207.363196,-1360.366242,-6000.000000,-69.240000,0,42562,20142,21381,113,0.483764,0.513522,139.744376
20260510_171523,2026-05-10 17:24:02,54,9.8316,1,500,105,100,5,6,20,20,716,619,72,14114.838635,-5662.121814,3888.042852,1933.471082,619.000000,50.997174,375.885000,-16.090034,1097.970662,-1266.705356,-7100.000000,-63.024000,0,44398,20411,22982,72,0.469596,0.528747,141.152139
20260510_171523,2026-05-10 17:24:11,55,9.1611,1,500,105,100,5,7,20,20,739,571,80,12385.829380,-6491.955026,3493.459351,2030.828799,571.000000,46.341975,332.580000,-17.369435,1162.423373,-1373.410817,-7700.000000,-52.968000,0,45191,20998,23262,20,0.474210,0.525339,136.180070
20260510_171523,2026-05-10 17:24:20,56,9.2190,1,500,105,100,5,6,20,20,613,495,72,11321.218551,-5863.405300,3092.154599,1921.296335,495.000000,44.554449,333.765000,-15.542292,904.814076,-1151.559106,-7000.000000,-55.658000,0,37597,16728,20097,15,0.454072,0.545521,132.597352
20260510_171523,2026-05-10 17:24:30,57,9.6126,1,500,105,100,5,9,20,20,780,621,68,12357.923235,-5234.135169,3098.736604,1907.533814,621.000000,48.791027,357.820000,-12.451486,794.088149,-992.124196,-6600.000000,-51.694000,0,34059,15274,17951,76,0.458665,0.539053,137.989002
20260510_171523,2026-05-10 17:24:44,58,13.6653,1,500,105,100,5,15,20,20,923,715,57,13767.828151,-3856.669704,4079.594176,1805.670023,715.000000,62.236541,477.180000,-11.855603,802.372932,-932.223760,-5600.000000,-65.428000,0,34598,15064,18391,290,0.446407,0.544999,142.444048
20260510_171523,2026-05-10 17:24:58,59,13.7392,1,500,105,100,5,22,20,20,1154,988,56,12316.378099,-3515.938888,3286.856634,1819.251832,988.000000,70.516436,512.050000,-12.883482,898.950403,-1047.401239,-5500.000000,-72.014000,0,37162,16664,19589,85,0.458583,0.539078,144.494748
20260510_171523,2026-05-10 17:25:10,60,11.5082,1,500,105,100,5,15,20,20,806,720,67,13487.069646,-5026.309115,3100.587824,1882.342261,720.000000,56.633304,429.805000,-12.616071,892.635735,-1061.198120,-6400.000000,-66.914000,0,35921,16161,18792,116,0.460834,0.535858,143.201041
20260510_171523,2026-05-10 17:25:22,61,12.2361,1,500,105,100,5,17,20,20,1015,863,58,15070.601213,-3867.029805,2902.260142,1847.570066,863.000000,62.375752,471.460000,-13.391296,997.525812,-1120.083271,-5600.000000,-76.208000,0,38989,18058,19522,476,0.474511,0.512981,144.871574
20260510_171523,2026-05-10 17:25:34,62,11.6878,1,500,105,100,5,13,20,20,932,908,67,7623.795357,-4883.893049,2695.738055,1887.773306,908.000000,66.151091,500.405000,-20.416618,1410.987235,-1612.319437,-6300.000000,-80.718000,0,53811,23916,28072,783,0.453203,0.531959,140.431534
20260510_171523,2026-05-10 17:25:45,63,11.0619,1,500,105,100,5,13,20,20,995,818,66,17765.024906,-4739.532999,2644.466706,1859.355820,818.000000,57.963954,434.605000,-16.960166,1166.557514,-1355.028744,-6400.000000,-66.260000,0,45928,21225,23552,181,0.472107,0.523867,138.617247
20260510_171523,2026-05-10 17:25:57,64,11.5436,1,500,105,100,5,17,20,20,941,829,50,14099.543847,-3150.348549,2735.505510,1638.782053,829.000000,61.416672,453.700000,-12.069029,895.968149,-988.856278,-4900.000000,-69.664000,0,34033,15985,17207,25,0.481229,0.518018,145.993637
20260510_171523,2026-05-10 17:26:08,65,10.9084,1,500,105,100,5,12,20,20,676,618,51,11506.898803,-3524.104748,2203.108579,1686.366714,618.000000,49.956033,414.615000,-9.896511,603.341177,-699.857991,-5000.000000,-57.890000,0,24880,11169,13033,198,0.457746,0.534139,139.841461
20260510_171523,2026-05-10 17:26:21,66,13.1083,1,500,105,100,5,20,20,20,1110,1064,45,9083.812449,-2399.308838,2545.179095,1590.444324,1064.000000,73.491062,562.930000,-10.259237,733.469770,-815.526788,-4200.000000,-76.764000,0,25860,12088,13149,34,0.478335,0.520320,142.279287
20260510_171523,2026-05-10 17:26:34,67,12.6585,1,500,105,100,5,20,20,20,985,867,43,13647.189921,-2322.936511,2391.241639,1526.663620,867.000000,68.271204,529.475000,-11.560895,733.091761,-825.612315,-4100.000000,-65.120000,0,31910,13787,17205,190,0.442146,0.551761,143.405912
20260510_171523,2026-05-10 17:26:48,68,13.4322,1,500,105,100,5,24,20,20,1051,892,52,15347.651105,-3145.694928,2681.234871,1655.811337,892.000000,74.614991,554.720000,-11.626027,858.167586,-1023.263568,-5000.000000,-62.008000,0,35961,15670,19243,146,0.446961,0.548875,147.692450
20260510_171523,2026-05-10 17:27:01,69,12.9915,1,500,105,100,5,17,20,20,1030,853,49,16759.441005,-2874.796576,3294.113034,1654.566339,853.000000,72.480727,525.075000,-18.940330,1307.974069,-1445.743816,-4700.000000,-48.112000,0,52822,24688,26546,460,0.477580,0.513522,142.637533
20260510_171523,2026-05-10 17:27:13,70,12.1027,1,500,105,100,5,10,20,20,769,692,58,13583.984818,-4047.534333,3092.330252,1724.620476,692.000000,56.869019,456.125000,-14.302135,1007.557437,-1126.446655,-5600.000000,-49.618000,0,40940,19090,20812,85,0.477405,0.520469,141.562766
20260510_171523,2026-05-10 17:27:28,71,14.8669,1,500,105,100,5,27,20,20,1265,1054,50,16716.768020,-2608.590026,2879.418712,1739.770470,1054.000000,77.834139,578.315000,-12.755555,911.278121,-972.972121,-4900.000000,-55.704000,0,36306,16776,18455,277,0.472457,0.519742,143.183360
20260510_171523,2026-05-10 17:27:42,72,13.0666,1,500,105,100,5,18,20,20,1088,940,51,15991.243847,-2943.850368,2695.564973,1676.197839,940.000000,68.046141,515.125000,-14.140443,1051.735796,-1133.033942,-5000.000000,-46.692000,0,41992,19751,21235,59,0.481204,0.517359,144.940831
20260510_171523,2026-05-10 17:27:56,73,13.8813,1,500,105,100,5,17,20,20,1025,935,41,15137.349773,-2049.818841,2302.249115,1603.120889,935.000000,74.547459,565.500000,-12.409056,840.481254,-956.396833,-4000.000000,-50.188000,0,34613,15920,17804,65,0.471159,0.526917,144.490441
20260510_171523,2026-05-10 17:28:10,74,14.0064,1,500,105,100,5,19,20,20,1073,859,46,15459.885878,-2455.911533,2499.161223,1662.577703,859.000000,72.123231,541.410000,-14.006030,945.912448,-1033.893625,-4600.000000,-54.740000,0,38818,18153,19822,62,0.477246,0.521124,140.801361
20260510_171523,2026-05-10 17:28:22,75,11.2993,1,500,105,100,5,15,20,20,1115,982,68,15788.918994,-4713.248788,2883.700834,1938.851425,982.000000,62.621008,450.845000,-15.986343,1173.774518,-1328.970200,-6500.000000,-48.320000,0,43356,20154,21958,252,0.475734,0.518317,139.448518
20260510_171523,2026-05-10 17:28:35,76,13.5266,1,500,105,100,5,23,20,20,1422,1254,61,14220.230759,-3644.488054,2889.432017,1903.958634,1254.000000,74.668610,536.265000,-19.592993,1575.333222,-1735.313096,-6100.000000,-63.346000,0,53710,25231,27043,155,0.481241,0.515802,143.408384
20260510_171523,2026-05-10 17:29:17,77,41.8966,0,1,105,100,5,23,20,20,1332,1203,51,14785.520108,-2753.102667,2883.591450,1746.700657,1203.000000,73.751551,576.640000,-15.845598,1255.813991,-1396.636890,-4900.000000,-78.134000,0,43806,20556,22079,138,0.480584,0.516190,144.073953
20260510_171523,2026-05-10 17:30:00,78,42.0421,0,1,105,100,5,33,20,20,2225,1948,66,19255.513416,-3274.685314,2701.414343,1935.513545,1948.000000,83.055591,592.365000,-14.922968,1208.075767,-1357.064193,-6400.000000,-41.484000,0,44236,20637,22320,103,0.479261,0.518346,144.679037
20260510_171523,2026-05-10 17:30:42,79,42.0490,0,1,105,100,5,17,20,20,1425,1213,55,19418.039284,-3030.482434,2503.611541,1824.223599,1213.000000,68.746900,516.055000,-16.158509,1337.894119,-1446.916343,-5300.000000,-47.860000,0,48131,22733,24225,4,0.484072,0.515843,142.571230
20260510_171523,2026-05-10 17:31:15,80,33.1379,1,500,105,100,5,17,20,20,1332,1184,59,15446.067304,-3506.138397,5105.474379,1837.459888,1184.000000,73.796929,574.205000,-18.105751,1464.853750,-1591.790727,-5500.000000,-76.268000,0,53073,25330,26450,58,0.488638,0.510243,143.428169
20260510_171523,2026-05-10 17:31:28,81,12.9711,1,500,105,100,5,25,20,20,1285,1109,50,14707.184618,-2693.308522,2866.632140,1728.497805,1109.000000,73.053865,538.095000,-13.699077,1062.346851,-1192.593999,-4900.000000,-82.672000,0,41322,19019,21072,245,0.471514,0.522412,146.614469
20260510_171523,2026-05-10 17:31:44,82,15.5713,1,500,105,100,5,40,20,20,1981,1857,50,15958.309682,-1942.465832,2721.393879,1789.492133,1857.000000,97.791840,695.995000,-23.207241,1770.334193,-1901.071831,-4600.000000,-108.588000,0,62957,29034,32482,80,0.471362,0.527339,142.959706
20260510_171523,2026-05-10 17:31:58,83,13.1651,1,500,105,100,5,15,20,20,1337,1160,54,17316.681336,-3031.861783,2686.075206,1772.827295,1160.000000,74.573734,548.120000,-17.020967,1318.765353,-1463.561360,-5200.000000,-84.870000,0,50827,23728,25754,170,0.477886,0.518690,146.445205
20260510_171523,2026-05-10 17:32:11,84,13.4423,1,500,105,100,5,19,20,20,1334,1147,40,20135.252105,-1563.290696,2290.679465,1619.647118,1147.000000,78.191965,565.215000,-15.849985,1293.553069,-1329.125221,-4000.000000,-87.682000,0,50522,24595,24343,383,0.498672,0.493563,147.961294
20260510_171523,2026-05-10 17:32:24,85,12.6085,1,500,105,100,5,21,20,20,1163,1022,57,16745.009735,-3486.435080,2504.142038,1834.346552,1022.000000,71.456919,542.695000,-16.294524,1148.007894,-1283.971307,-5300.000000,-71.726000,0,43739,19823,22677,338,0.462743,0.529366,141.424225
20260510_171523,2026-05-10 17:32:37,86,12.5316,1,500,105,100,5,19,20,20,1156,978,51,17600.783361,-2898.539415,2495.559266,1748.936582,978.000000,68.858507,516.550000,-17.008874,1172.294386,-1284.411806,-4900.000000,-69.720000,0,45418,21534,22658,223,0.484836,0.510143,142.148784
20260510_171523,2026-05-10 17:32:50,87,13.3287,1,500,105,100,5,29,20,20,1205,1050,49,17080.605422,-2631.301364,3099.109579,1750.077938,1050.000000,74.672688,557.055000,-14.724195,980.947823,-1096.070239,-4800.000000,-82.394000,0,41735,18464,20771,1529,0.452949,0.509543,144.414223
